id,symbolId,positionSize,profitAndLoss,fees,entryPrice,exitPrice,tradeDay,createdAt,enteredAt
0,F.US.MNQ,-3,-88.5,2.22,0,,2025-05-07T05:00:00+00:00,2025-05-07T13:00:46.732799+00:00,0001-01-01T00:00:00+00:00
0,F.US.MNQ,-1,-20.0,0.74,0,,2025-05-07T05:00:00+00:00,2025-05-07T13:00:46.73282+00:00,0001-01-01T00:00:00+00:00
0,F.US.MNQ,-5,-82.5,3.7,0,,2025-05-07T05:00:00+00:00,2025-05-07T13:29:15.158442+00:00,0001-01-01T00:00:00+00:00
0,F.US.MNQ,-3,-72.0,2.22,0,,2025-05-07T05:00:00+00:00,2025-05-07T13:34:05.814117+00:00,0001-01-01T00:00:00+00:00
0,F.US.MNQ,-1,25.0,0.74,0,,2025-05-07T05:00:00+00:00,2025-05-07T13:46:25.543966+00:00,0001-01-01T00:00:00+00:00
0,F.US.MNQ,-2,-81.0,1.48,0,,2025-05-07T05:00:00+00:00,2025-05-07T13:49:13.233463+00:00,0001-01-01T00:00:00+00:00
0,F.US.MNQ,-3,36.0,2.22,0,,2025-05-07T05:00:00+00:00,2025-05-07T13:56:45.780391+00:00,0001-01-01T00:00:00+00:00
0,F.US.MNQ,-3,13.5,2.22,0,,2025-05-07T05:00:00+00:00,2025-05-07T13:56:46.347606+00:00,0001-01-01T00:00:00+00:00
0,F.US.MNQ,-3,-114.0,2.22,0,,2025-05-07T05:00:00+00:00,2025-05-07T14:05:57.783602+00:00,0001-01-01T00:00:00+00:00
0,F.US.MNQ,-3,-58.5,2.22,0,,2025-05-08T05:00:00+00:00,2025-05-08T07:49:01.220073+00:00,0001-01-01T00:00:00+00:00
0,F.US.MNQ,2,-46.0,1.48,0,,2025-05-08T05:00:00+00:00,2025-05-08T08:27:53.006486+00:00,0001-01-01T00:00:00+00:00
0,F.US.MNQ,2,-66.0,1.48,0,,2025-05-08T05:00:00+00:00,2025-05-08T09:50:40.124488+00:00,0001-01-01T00:00:00+00:00
0,F.US.MNQ,-1,75.5,0.74,0,,2025-05-08T05:00:00+00:00,2025-05-08T15:33:31.520855+00:00,0001-01-01T00:00:00+00:00
0,F.US.MNQ,-1,102.0,0.74,0,,2025-05-08T05:00:00+00:00,2025-05-08T15:35:37.257728+00:00,0001-01-01T00:00:00+00:00
0,F.US.MNQ,-4,-138.0,2.96,0,,2025-05-08T05:00:00+00:00,2025-05-08T17:47:00.296793+00:00,0001-01-01T00:00:00+00:00
0,F.US.MNQ,-2,-79.0,1.48,0,,2025-05-08T05:00:00+00:00,2025-05-08T17:56:42.658199+00:00,0001-01-01T00:00:00+00:00
0,F.US.MNQ,-1,-5.0,0.74,0,,2025-05-08T05:00:00+00:00,2025-05-08T18:12:06.375368+00:00,0001-01-01T00:00:00+00:00
0,F.US.MNQ,-1,47.0,0.74,0,,2025-05-08T05:00:00+00:00,2025-05-08T18:51:21.386058+00:00,0001-01-01T00:00:00+00:00
0,F.US.MNQ,1,-11.0,0.74,0,,2025-05-08T05:00:00+00:00,2025-05-08T18:53:13.834903+00:00,0001-01-01T00:00:00+00:00
0,F.US.MNQ,1,-28.0,0.74,0,,2025-05-08T05:00:00+00:00,2025-05-08T18:54:02.752633+00:00,0001-01-01T00:00:00+00:00
0,F.US.MNQ,1,-14.0,0.74,0,,2025-05-08T05:00:00+00:00,2025-05-08T18:54:02.752659+00:00,0001-01-01T00:00:00+00:00
0,F.US.MNQ,-2,-38.0,1.48,0,,2025-05-08T05:00:00+00:00,2025-05-08T18:54:38.52863+00:00,0001-01-01T00:00:00+00:00
0,F.US.MNQ,1,-6.5,0.74,0,,2025-05-08T05:00:00+00:00,2025-05-08T19:04:45.560718+00:00,0001-01-01T00:00:00+00:00
0,F.US.MNQ,-1,-17.0,0.74,0,,2025-05-08T05:00:00+00:00,2025-05-08T19:06:03.938527+00:00,0001-01-01T00:00:00+00:00
0,F.US.MNQ,2,-71.0,1.48,0,,2025-05-09T05:00:00+00:00,2025-05-09T10:10:05.069662+00:00,0001-01-01T00:00:00+00:00
0,F.US.MNQ,3,-63.0,2.22,0,,2025-05-09T05:00:00+00:00,2025-05-09T11:07:05.639801+00:00,0001-01-01T00:00:00+00:00
0,F.US.MNQ,1,64.0,0.74,0,,2025-05-09T05:00:00+00:00,2025-05-09T14:18:19.933614+00:00,0001-01-01T00:00:00+00:00
0,F.US.MNQ,1,115.5,0.74,0,,2025-05-09T05:00:00+00:00,2025-05-09T14:20:34.483219+00:00,0001-01-01T00:00:00+00:00
0,F.US.MNQ,1,238.0,0.74,0,,2025-05-09T05:00:00+00:00,2025-05-09T14:27:27.146892+00:00,0001-01-01T00:00:00+00:00
0,F.US.MYM,-1,20.5,0.74,0,,2025-05-09T05:00:00+00:00,2025-05-09T15:35:28.153744+00:00,0001-01-01T00:00:00+00:00
0,F.US.MYM,-1,23.5,0.74,0,,2025-05-09T05:00:00+00:00,2025-05-09T15:46:24.233415+00:00,0001-01-01T00:00:00+00:00
0,F.US.MYM,-1,11.5,0.74,0,,2025-05-09T05:00:00+00:00,2025-05-09T16:03:22.705791+00:00,0001-01-01T00:00:00+00:00
0,F.US.MYM,3,-39.0,2.22,0,,2025-05-12T05:00:00+00:00,2025-05-12T10:55:39.415769+00:00,0001-01-01T00:00:00+00:00
0,F.US.MYM,1,-10.5,0.74,0,,2025-05-12T05:00:00+00:00,2025-05-12T10:55:39.415794+00:00,0001-01-01T00:00:00+00:00
0,F.US.MNQ,3,-148.5,2.22,0,,2025-05-12T05:00:00+00:00,2025-05-12T10:58:50.252705+00:00,0001-01-01T00:00:00+00:00
0,F.US.MNQ,-1,2.5,0.74,0,,2025-05-12T05:00:00+00:00,2025-05-12T14:25:19.764286+00:00,0001-01-01T00:00:00+00:00
0,F.US.MNQ,-1,-56.0,0.74,0,,2025-05-12T05:00:00+00:00,2025-05-12T14:25:19.764308+00:00,0001-01-01T00:00:00+00:00
0,F.US.MNQ,3,-3.0,2.22,0,,2025-05-12T05:00:00+00:00,2025-05-12T14:25:30.126312+00:00,0001-01-01T00:00:00+00:00
0,F.US.MES,1,30.0,0.74,0,,2025-05-12T05:00:00+00:00,2025-05-12T14:27:48.653188+00:00,0001-01-01T00:00:00+00:00
0,F.US.MES,1,57.5,0.74,0,,2025-05-12T05:00:00+00:00,2025-05-12T14:29:03.067246+00:00,0001-01-01T00:00:00+00:00
0,F.US.MES,1,57.5,0.74,0,,2025-05-12T05:00:00+00:00,2025-05-12T14:33:07.816685+00:00,0001-01-01T00:00:00+00:00
0,F.US.MNQ,-1,4.0,0.74,0,,2025-05-12T05:00:00+00:00,2025-05-12T14:34:24.033564+00:00,0001-01-01T00:00:00+00:00
0,F.US.MNQ,-1,89.5,0.74,0,,2025-05-12T05:00:00+00:00,2025-05-12T14:47:35.092724+00:00,0001-01-01T00:00:00+00:00
0,F.US.MNQ,2,-62.0,1.48,0,,2025-05-12T05:00:00+00:00,2025-05-12T14:53:57.105322+00:00,0001-01-01T00:00:00+00:00
0,F.US.MNQ,1,14.5,0.74,0,,2025-05-12T05:00:00+00:00,2025-05-12T14:58:39.290926+00:00,0001-01-01T00:00:00+00:00
0,F.US.MNQ,2,-45.0,1.48,0,,2025-05-12T05:00:00+00:00,2025-05-12T15:28:11.745769+00:00,0001-01-01T00:00:00+00:00
0,F.US.MNQ,-1,2.5,0.74,0,,2025-05-12T05:00:00+00:00,2025-05-12T15:29:47.48265+00:00,0001-01-01T00:00:00+00:00
0,F.US.MNQ,-1,-11.0,0.74,0,,2025-05-12T05:00:00+00:00,2025-05-12T15:39:35.645478+00:00,0001-01-01T00:00:00+00:00
0,F.US.MNQ,1,1.0,0.74,0,,2025-05-12T05:00:00+00:00,2025-05-12T18:00:51.923114+00:00,0001-01-01T00:00:00+00:00
0,F.US.MNQ,2,-43.0,1.48,0,,2025-05-12T05:00:00+00:00,2025-05-12T18:19:45.237624+00:00,0001-01-01T00:00:00+00:00
0,F.US.MES,-3,-3.75,2.22,0,,2025-05-12T05:00:00+00:00,2025-05-12T18:20:16.115108+00:00,0001-01-01T00:00:00+00:00
0,F.US.MES,3,-48.75,2.22,0,,2025-05-12T05:00:00+00:00,2025-05-12T18:37:37.105616+00:00,0001-01-01T00:00:00+00:00
0,F.US.MNQ,1,1.5,0.74,0,,2025-05-12T05:00:00+00:00,2025-05-12T18:45:33.670271+00:00,0001-01-01T00:00:00+00:00
0,F.US.MNQ,1,-2.5,0.74,0,,2025-05-12T05:00:00+00:00,2025-05-12T18:45:51.459901+00:00,0001-01-01T00:00:00+00:00
0,F.US.MNQ,1,-8.0,0.74,0,,2025-05-12T05:00:00+00:00,2025-05-12T18:52:35.110598+00:00,0001-01-01T00:00:00+00:00
0,F.US.MNQ,1,8.0,0.74,0,,2025-05-12T05:00:00+00:00,2025-05-12T19:02:20.286525+00:00,0001-01-01T00:00:00+00:00
0,F.US.MNQ,1,-74.0,0.74,0,,2025-05-12T05:00:00+00:00,2025-05-12T19:05:04.375341+00:00,0001-01-01T00:00:00+00:00
0,F.US.MNQ,1,-45.5,0.74,0,,2025-05-12T05:00:00+00:00,2025-05-12T19:05:04.375363+00:00,0001-01-01T00:00:00+00:00
0,F.US.MNQ,5,25.0,3.7,0,,2025-05-12T05:00:00+00:00,2025-05-12T19:05:33.735425+00:00,0001-01-01T00:00:00+00:00
0,F.US.MNQ,-5,-40.0,3.7,0,,2025-05-12T05:00:00+00:00,2025-05-12T19:05:59.39992+00:00,0001-01-01T00:00:00+00:00
0,F.US.MNQ,-3,-43.5,2.22,0,,2025-05-13T05:00:00+00:00,2025-05-13T13:26:15.793238+00:00,0001-01-01T00:00:00+00:00
0,F.US.MNQ,-3,-67.5,2.22,0,,2025-05-13T05:00:00+00:00,2025-05-13T13:30:04.855225+00:00,0001-01-01T00:00:00+00:00
0,F.US.MNQ,-2,58.0,1.48,0,,2025-05-13T05:00:00+00:00,2025-05-13T13:33:55.437976+00:00,0001-01-01T00:00:00+00:00
0,F.US.MNQ,-1,87.5,0.74,0,,2025-05-13T05:00:00+00:00,2025-05-13T13:35:56.006879+00:00,0001-01-01T00:00:00+00:00
0,F.US.MNQ,3,-145.5,2.22,0,,2025-05-13T05:00:00+00:00,2025-05-13T13:50:37.774321+00:00,0001-01-01T00:00:00+00:00
0,F.US.MNQ,1,-6.5,0.74,0,,2025-05-13T05:00:00+00:00,2025-05-13T18:40:27.43452+00:00,0001-01-01T00:00:00+00:00
0,F.US.MNQ,1,-99.5,0.74,0,,2025-05-13T05:00:00+00:00,2025-05-13T19:16:32.775655+00:00,0001-01-01T00:00:00+00:00
0,F.US.MNQ,1,-82.5,0.74,0,,2025-05-13T05:00:00+00:00,2025-05-13T19:16:32.775686+00:00,0001-01-01T00:00:00+00:00
0,F.US.MNQ,1,-17.5,0.74,0,,2025-05-13T05:00:00+00:00,2025-05-13T19:16:32.775694+00:00,0001-01-01T00:00:00+00:00
0,F.US.MNQ,5,12.5,3.7,0,,2025-05-13T05:00:00+00:00,2025-05-13T19:17:38.796384+00:00,0001-01-01T00:00:00+00:00
0,F.US.MNQ,3,15.0,2.22,0,,2025-05-13T05:00:00+00:00,2025-05-13T19:17:49.622958+00:00,0001-01-01T00:00:00+00:00
0,F.US.MNQ,1,5.5,0.74,0,,2025-05-13T05:00:00+00:00,2025-05-13T19:21:20.476844+00:00,0001-01-01T00:00:00+00:00
0,F.US.MNQ,1,-7.5,0.74,0,,2025-05-13T05:00:00+00:00,2025-05-13T19:38:01.728655+00:00,0001-01-01T00:00:00+00:00
0,F.US.MNQ,3,-48.0,2.22,0,,2025-05-13T05:00:00+00:00,2025-05-13T19:38:01.728698+00:00,0001-01-01T00:00:00+00:00
0,F.US.MNQ,1,-42.0,0.74,0,,2025-05-13T05:00:00+00:00,2025-05-13T19:38:01.728708+00:00,0001-01-01T00:00:00+00:00
0,F.US.MNQ,15,-7.5,11.1,0,,2025-05-13T05:00:00+00:00,2025-05-13T19:38:21.604714+00:00,0001-01-01T00:00:00+00:00
0,F.US.MNQ,1,57.5,0.74,0,,2025-05-14T05:00:00+00:00,2025-05-14T12:03:43.151651+00:00,0001-01-01T00:00:00+00:00
0,F.US.MNQ,1,-32.5,0.74,0,,2025-05-14T05:00:00+00:00,2025-05-14T12:25:01.123497+00:00,0001-01-01T00:00:00+00:00
0,F.US.MNQ,1,-20.5,0.74,0,,2025-05-14T05:00:00+00:00,2025-05-14T12:25:01.12352+00:00,0001-01-01T00:00:00+00:00
0,F.US.MNQ,-2,-56.0,1.48,0,,2025-05-14T05:00:00+00:00,2025-05-14T13:28:01.684588+00:00,0001-01-01T00:00:00+00:00
0,F.US.MES,3,-26.25,2.22,0,,2025-05-14T05:00:00+00:00,2025-05-14T13:32:35.687161+00:00,0001-01-01T00:00:00+00:00
0,F.US.MNQ,1,46.0,0.74,0,,2025-05-14T05:00:00+00:00,2025-05-14T13:44:58.99005+00:00,0001-01-01T00:00:00+00:00
0,F.US.MNQ,1,70.0,0.74,0,,2025-05-14T05:00:00+00:00,2025-05-14T13:45:45.963771+00:00,0001-01-01T00:00:00+00:00
0,F.US.MNQ,1,127.0,0.74,0,,2025-05-14T05:00:00+00:00,2025-05-14T13:48:11.53352+00:00,0001-01-01T00:00:00+00:00
0,F.US.MNQ,-1,-17.0,0.74,0,,2025-05-14T05:00:00+00:00,2025-05-14T13:52:43.181789+00:00,0001-01-01T00:00:00+00:00
0,F.US.MNQ,-1,-46.5,0.74,0,,2025-05-14T05:00:00+00:00,2025-05-14T14:11:56.956758+00:00,0001-01-01T00:00:00+00:00
0,F.US.MNQ,-1,63.5,0.74,0,,2025-05-14T05:00:00+00:00,2025-05-14T14:55:03.432599+00:00,0001-01-01T00:00:00+00:00
0,F.US.MNQ,-1,5.0,0.74,0,,2025-05-14T05:00:00+00:00,2025-05-14T15:02:37.214443+00:00,0001-01-01T00:00:00+00:00
0,F.US.MES,-1,10.0,0.74,0,,2025-05-14T05:00:00+00:00,2025-05-14T15:16:11.160307+00:00,0001-01-01T00:00:00+00:00
0,F.US.MYM,-1,28.0,0.74,0,,2025-05-14T05:00:00+00:00,2025-05-14T15:24:06.098188+00:00,0001-01-01T00:00:00+00:00
0,F.US.MES,-1,42.5,0.74,0,,2025-05-14T05:00:00+00:00,2025-05-14T15:26:19.870516+00:00,0001-01-01T00:00:00+00:00
0,F.US.MES,2,-10.0,1.48,0,,2025-05-14T05:00:00+00:00,2025-05-14T15:26:41.086205+00:00,0001-01-01T00:00:00+00:00
0,F.US.MYM,-1,54.0,0.74,0,,2025-05-14T05:00:00+00:00,2025-05-14T15:33:37.330584+00:00,0001-01-01T00:00:00+00:00
0,F.US.MYM,-1,35.5,0.74,0,,2025-05-14T05:00:00+00:00,2025-05-14T15:51:49.840639+00:00,0001-01-01T00:00:00+00:00
0,F.US.MES,1,-21.25,0.74,0,,2025-05-14T05:00:00+00:00,2025-05-14T16:03:48.812307+00:00,0001-01-01T00:00:00+00:00
0,F.US.MNQ,3,-42.0,2.22,0,,2025-05-14T05:00:00+00:00,2025-05-14T16:05:34.643664+00:00,0001-01-01T00:00:00+00:00
0,F.US.MNQ,-5,-107.5,3.7,0,,2025-05-16T05:00:00+00:00,2025-05-16T13:31:35.384125+00:00,0001-01-01T00:00:00+00:00
0,F.US.MNQ,-3,-12.0,2.22,0,,2025-05-16T05:00:00+00:00,2025-05-16T13:41:24.666628+00:00,0001-01-01T00:00:00+00:00
0,F.US.MNQ,-3,-106.5,2.22,0,,2025-05-16T05:00:00+00:00,2025-05-16T14:00:05.742231+00:00,0001-01-01T00:00:00+00:00
0,F.US.MNQ,-1,9.0,0.74,0,,2025-05-16T05:00:00+00:00,2025-05-16T14:05:31.750102+00:00,0001-01-01T00:00:00+00:00
0,F.US.MNQ,-2,-103.0,1.48,0,,2025-05-16T05:00:00+00:00,2025-05-16T14:06:15.855161+00:00,0001-01-01T00:00:00+00:00
0,F.US.MNQ,-1,11.5,0.74,0,,2025-05-16T05:00:00+00:00,2025-05-16T14:07:09.332082+00:00,0001-01-01T00:00:00+00:00
0,F.US.MNQ,-1,2.0,0.74,0,,2025-05-16T05:00:00+00:00,2025-05-16T14:07:16.33459+00:00,0001-01-01T00:00:00+00:00
0,F.US.MNQ,-1,31.5,0.74,0,,2025-05-16T05:00:00+00:00,2025-05-16T14:07:43.33094+00:00,0001-01-01T00:00:00+00:00
0,F.US.MNQ,-2,-27.0,1.48,0,,2025-05-16T05:00:00+00:00,2025-05-16T14:29:01.540367+00:00,0001-01-01T00:00:00+00:00
0,F.US.MNQ,3,28.5,2.22,0,,2025-05-16T05:00:00+00:00,2025-05-16T14:29:15.466351+00:00,0001-01-01T00:00:00+00:00
0,F.US.MNQ,2,12.0,1.48,0,,2025-05-16T05:00:00+00:00,2025-05-16T14:29:33.819777+00:00,0001-01-01T00:00:00+00:00
0,F.US.MNQ,2,21.0,1.48,0,,2025-05-16T05:00:00+00:00,2025-05-16T14:30:06.220473+00:00,0001-01-01T00:00:00+00:00
0,F.US.MNQ,1,35.0,0.74,0,,2025-05-16T05:00:00+00:00,2025-05-16T14:31:36.615172+00:00,0001-01-01T00:00:00+00:00
0,F.US.MNQ,1,100.0,0.74,0,,2025-05-16T05:00:00+00:00,2025-05-16T14:40:26.093404+00:00,0001-01-01T00:00:00+00:00
0,F.US.MNQ,1,118.0,0.74,0,,2025-05-16T05:00:00+00:00,2025-05-16T14:43:39.656186+00:00,0001-01-01T00:00:00+00:00
0,F.US.MNQ,-1,31.0,0.74,0,,2025-05-16T05:00:00+00:00,2025-05-16T15:10:58.930879+00:00,0001-01-01T00:00:00+00:00
0,F.US.MNQ,-1,57.0,0.74,0,,2025-05-16T05:00:00+00:00,2025-05-16T15:11:55.281989+00:00,0001-01-01T00:00:00+00:00
0,F.US.MNQ,-1,16.0,0.74,0,,2025-05-16T05:00:00+00:00,2025-05-16T15:21:04.69618+00:00,0001-01-01T00:00:00+00:00
0,F.US.MNQ,-1,78.0,0.74,0,,2025-05-16T05:00:00+00:00,2025-05-16T15:31:43.563161+00:00,0001-01-01T00:00:00+00:00
0,F.US.MNQ,-1,100.0,0.74,0,,2025-05-16T05:00:00+00:00,2025-05-16T15:34:03.085909+00:00,0001-01-01T00:00:00+00:00
0,F.US.MNQ,2,-65.0,1.48,0,,2025-05-16T05:00:00+00:00,2025-05-16T15:41:12.363818+00:00,0001-01-01T00:00:00+00:00
0,F.US.MES,1,-3.75,0.74,0,,2025-05-16T05:00:00+00:00,2025-05-16T15:47:46.488747+00:00,0001-01-01T00:00:00+00:00
0,F.US.MNQ,1,-9.0,0.74,0,,2025-05-16T05:00:00+00:00,2025-05-16T15:47:56.811453+00:00,0001-01-01T00:00:00+00:00
0,F.US.MNQ,1,3.5,0.74,0,,2025-05-16T05:00:00+00:00,2025-05-16T15:48:50.980605+00:00,0001-01-01T00:00:00+00:00
0,F.US.MES,4,-80.0,2.96,0,,2025-05-16T05:00:00+00:00,2025-05-16T16:06:27.142757+00:00,0001-01-01T00:00:00+00:00
0,F.US.MNQ,1,-41.0,0.74,0,,2025-05-16T05:00:00+00:00,2025-05-16T16:15:53.240729+00:00,0001-01-01T00:00:00+00:00
0,F.US.MES,1,-23.75,0.74,0,,2025-05-16T05:00:00+00:00,2025-05-16T16:17:13.873152+00:00,0001-01-01T00:00:00+00:00
0,F.US.MES,1,-23.75,0.74,0,,2025-05-16T05:00:00+00:00,2025-05-16T16:17:13.873178+00:00,0001-01-01T00:00:00+00:00
0,F.US.MYM,4,-114.0,2.96,0,,2025-05-19T05:00:00+00:00,2025-05-19T16:17:37.867556+00:00,0001-01-01T00:00:00+00:00
0,F.US.MYM,3,-76.5,2.22,0,,2025-05-19T05:00:00+00:00,2025-05-19T16:17:37.867579+00:00,0001-01-01T00:00:00+00:00
0,F.US.MNQ,2,4.0,1.48,0,,2025-05-19T05:00:00+00:00,2025-05-19T16:18:30.546781+00:00,0001-01-01T00:00:00+00:00
0,F.US.MYM,5,-75.0,3.7,0,,2025-05-19T05:00:00+00:00,2025-05-19T16:23:15.268762+00:00,0001-01-01T00:00:00+00:00
0,F.US.MNQ,1,-28.5,0.74,0,,2025-05-19T05:00:00+00:00,2025-05-19T16:50:22.447275+00:00,0001-01-01T00:00:00+00:00
0,F.US.MNQ,-3,-205.5,2.22,0,,2025-05-20T05:00:00+00:00,2025-05-20T14:10:01.099254+00:00,0001-01-01T00:00:00+00:00
0,F.US.MYM,-4,2.0,2.96,0,,2025-05-20T05:00:00+00:00,2025-05-20T15:44:51.47566+00:00,0001-01-01T00:00:00+00:00
0,F.US.MYM,-2,2.0,1.48,0,,2025-05-20T05:00:00+00:00,2025-05-20T15:44:51.475683+00:00,0001-01-01T00:00:00+00:00
0,F.US.MES,-3,3.75,2.22,0,,2025-05-20T05:00:00+00:00,2025-05-20T18:41:22.666849+00:00,0001-01-01T00:00:00+00:00
0,F.US.MNQ,-4,-90.0,2.96,0,,2025-05-20T05:00:00+00:00,2025-05-20T18:41:49.689357+00:00,0001-01-01T00:00:00+00:00
0,F.US.MNQ,-1,-25.0,0.74,0,,2025-05-20T05:00:00+00:00,2025-05-20T19:00:13.552125+00:00,0001-01-01T00:00:00+00:00
0,F.US.MNQ,1,1.5,0.74,0,,2025-05-21T05:00:00+00:00,2025-05-21T13:31:57.354139+00:00,0001-01-01T00:00:00+00:00
0,F.US.MNQ,2,-37.0,1.48,0,,2025-05-21T05:00:00+00:00,2025-05-21T13:34:11.501182+00:00,0001-01-01T00:00:00+00:00
0,F.US.MNQ,1,-43.5,0.74,0,,2025-05-21T05:00:00+00:00,2025-05-21T13:42:19.047024+00:00,0001-01-01T00:00:00+00:00
0,F.US.MNQ,-3,19.5,2.22,0,,2025-05-21T05:00:00+00:00,2025-05-21T14:28:33.843629+00:00,0001-01-01T00:00:00+00:00
0,F.US.MES,-5,-125.0,3.7,0,,2025-05-21T05:00:00+00:00,2025-05-21T14:32:44.18015+00:00,0001-01-01T00:00:00+00:00
0,F.US.MNQ,-2,-62.0,1.48,0,,2025-05-21T05:00:00+00:00,2025-05-21T14:34:48.093622+00:00,0001-01-01T00:00:00+00:00
0,F.US.MYM,-2,-58.0,1.48,0,,2025-05-21T05:00:00+00:00,2025-05-21T14:44:41.628564+00:00,0001-01-01T00:00:00+00:00
0,F.US.MNQ,3,-45.0,2.22,0,,2025-05-21T05:00:00+00:00,2025-05-21T15:22:30.577758+00:00,0001-01-01T00:00:00+00:00
0,F.US.MNQ,-2,-43.0,1.48,0,,2025-05-27T05:00:00+00:00,2025-05-27T19:12:03.765518+00:00,0001-01-01T00:00:00+00:00
0,F.US.MNQ,1,-6.0,0.74,0,,2025-05-27T05:00:00+00:00,2025-05-27T19:14:20.460402+00:00,0001-01-01T00:00:00+00:00
0,F.US.MNQ,1,-26.0,0.74,0,,2025-05-27T05:00:00+00:00,2025-05-27T19:23:32.210043+00:00,0001-01-01T00:00:00+00:00
0,F.US.ENQ,-1,2400.0,2.8,0,,2025-06-11T05:00:00+00:00,2025-06-11T12:30:06.238866+00:00,0001-01-01T00:00:00+00:00
0,F.US.MNQ,-1,-105.0,0.74,0,,2025-06-11T05:00:00+00:00,2025-06-11T13:31:39.286272+00:00,0001-01-01T00:00:00+00:00
0,F.US.MNQ,-1,-18.0,0.74,0,,2025-06-11T05:00:00+00:00,2025-06-11T13:46:01.764855+00:00,0001-01-01T00:00:00+00:00
0,F.US.MNQ,-1,-29.5,0.74,0,,2025-06-11T05:00:00+00:00,2025-06-11T13:46:01.764878+00:00,0001-01-01T00:00:00+00:00
0,F.US.MNQ,-1,136.0,0.74,0,,2025-06-11T05:00:00+00:00,2025-06-11T13:52:42.575907+00:00,0001-01-01T00:00:00+00:00
0,F.US.MNQ,-1,86.0,0.74,0,,2025-06-11T05:00:00+00:00,2025-06-11T14:14:38.470021+00:00,0001-01-01T00:00:00+00:00
0,F.US.MNQ,-1,59.5,0.74,0,,2025-06-12T05:00:00+00:00,2025-06-12T12:30:29.950193+00:00,0001-01-01T00:00:00+00:00
0,F.US.MNQ,-1,141.0,0.74,0,,2025-06-12T05:00:00+00:00,2025-06-12T12:37:46.931508+00:00,0001-01-01T00:00:00+00:00
0,F.US.MNQ,1,-5.5,0.74,0,,2025-06-12T05:00:00+00:00,2025-06-12T12:37:49.38379+00:00,0001-01-01T00:00:00+00:00
0,F.US.MNQ,1,14.5,0.74,0,,2025-06-12T05:00:00+00:00,2025-06-12T15:20:25.764225+00:00,0001-01-01T00:00:00+00:00
0,F.US.MES,1,-42.5,0.74,0,,2025-06-13T05:00:00+00:00,2025-06-13T09:15:49.241537+00:00,0001-01-01T00:00:00+00:00
0,F.US.MES,-1,80.0,0.74,0,,2025-06-13T05:00:00+00:00,2025-06-13T11:59:05.937172+00:00,0001-01-01T00:00:00+00:00
0,F.US.MES,2,-12.5,1.48,0,,2025-06-13T05:00:00+00:00,2025-06-13T13:51:08.954186+00:00,0001-01-01T00:00:00+00:00
0,F.US.MES,1,-31.25,0.74,0,,2025-06-13T05:00:00+00:00,2025-06-13T13:51:08.95421+00:00,0001-01-01T00:00:00+00:00
0,F.US.MNQ,-3,-135.0,2.22,0,,2025-06-13T05:00:00+00:00,2025-06-13T14:12:17.835067+00:00,0001-01-01T00:00:00+00:00
0,F.US.MES,-2,-47.5,1.48,0,,2025-06-13T05:00:00+00:00,2025-06-13T14:20:54.937396+00:00,0001-01-01T00:00:00+00:00
0,F.US.MNQ,-3,-79.5,2.22,0,,2025-06-13T05:00:00+00:00,2025-06-13T14:20:55.708498+00:00,0001-01-01T00:00:00+00:00
0,F.US.MNQ,-2,-100.0,1.48,0,,2025-06-16T05:00:00+00:00,2025-06-16T16:25:41.034189+00:00,0001-01-01T00:00:00+00:00
0,F.US.MNQ,-2,-38.0,1.48,0,,2025-06-16T05:00:00+00:00,2025-06-16T16:35:15.043308+00:00,0001-01-01T00:00:00+00:00
0,F.US.MNQ,-1,-70.5,0.74,0,,2025-06-16T05:00:00+00:00,2025-06-16T18:45:17.698504+00:00,0001-01-01T00:00:00+00:00
0,F.US.MNQ,-1,42.5,0.74,0,,2025-06-17T05:00:00+00:00,2025-06-17T12:40:57.025417+00:00,0001-01-01T00:00:00+00:00
0,F.US.MNQ,-1,-10.0,0.74,0,,2025-06-17T05:00:00+00:00,2025-06-17T12:47:35.06102+00:00,0001-01-01T00:00:00+00:00
0,F.US.MNQ,-1,78.5,0.74,0,,2025-06-17T05:00:00+00:00,2025-06-17T13:30:12.196792+00:00,0001-01-01T00:00:00+00:00
0,F.US.MNQ,-1,8.0,0.74,0,,2025-06-17T05:00:00+00:00,2025-06-17T13:43:14.832407+00:00,0001-01-01T00:00:00+00:00
0,F.US.MNQ,-1,-86.0,0.74,0,,2025-06-17T05:00:00+00:00,2025-06-17T13:44:22.74109+00:00,0001-01-01T00:00:00+00:00
0,F.US.MNQ,-2,-60.0,1.48,0,,2025-06-17T05:00:00+00:00,2025-06-17T13:44:22.741128+00:00,0001-01-01T00:00:00+00:00
0,F.US.MES,-1,-5.0,0.74,0,,2025-06-17T05:00:00+00:00,2025-06-17T13:45:33.671571+00:00,0001-01-01T00:00:00+00:00
0,F.US.MNQ,-1,89.0,0.74,0,,2025-06-17T05:00:00+00:00,2025-06-17T13:56:32.409568+00:00,0001-01-01T00:00:00+00:00
0,F.US.MNQ,-1,47.5,0.74,0,,2025-06-17T05:00:00+00:00,2025-06-17T14:08:57.542069+00:00,0001-01-01T00:00:00+00:00
0,F.US.MNQ,-1,50.0,0.74,0,,2025-06-17T05:00:00+00:00,2025-06-17T14:11:02.185966+00:00,0001-01-01T00:00:00+00:00
0,F.US.MNQ,-1,74.0,0.74,0,,2025-06-17T05:00:00+00:00,2025-06-17T14:12:03.842835+00:00,0001-01-01T00:00:00+00:00
0,F.US.MNQ,-1,-46.5,0.74,0,,2025-06-18T05:00:00+00:00,2025-06-17T22:30:54.322502+00:00,0001-01-01T00:00:00+00:00
0,F.US.MNQ,-1,-18.5,0.74,0,,2025-06-18T05:00:00+00:00,2025-06-17T22:39:01.328002+00:00,0001-01-01T00:00:00+00:00
0,F.US.MNQ,-1,-27.5,0.74,0,,2025-06-18T05:00:00+00:00,2025-06-17T22:48:19.861497+00:00,0001-01-01T00:00:00+00:00
0,F.US.MNQ,-1,300.5,0.74,0,,2025-06-18T05:00:00+00:00,2025-06-18T07:15:24.680183+00:00,0001-01-01T00:00:00+00:00
0,F.US.MNQ,-2,69.0,1.48,0,,2025-06-18T05:00:00+00:00,2025-06-18T08:06:36.011307+00:00,0001-01-01T00:00:00+00:00
0,F.US.MNQ,-1,2.0,0.74,0,,2025-06-18T05:00:00+00:00,2025-06-18T08:20:39.97772+00:00,0001-01-01T00:00:00+00:00
0,F.US.MNQ,-1,21.5,0.74,0,,2025-06-18T05:00:00+00:00,2025-06-18T12:51:59.304238+00:00,0001-01-01T00:00:00+00:00
0,F.US.MNQ,-2,4.0,1.48,0,,2025-06-18T05:00:00+00:00,2025-06-18T12:56:58.616299+00:00,0001-01-01T00:00:00+00:00
0,F.US.MES,1,8.75,0.74,0,,2025-06-19T05:00:00+00:00,2025-06-19T13:33:56.853505+00:00,0001-01-01T00:00:00+00:00
0,F.US.MES,1,45.0,0.74,0,,2025-06-19T05:00:00+00:00,2025-06-19T13:38:39.433219+00:00,0001-01-01T00:00:00+00:00
0,F.US.MES,1,100.0,0.74,0,,2025-06-19T05:00:00+00:00,2025-06-19T13:48:09.88779+00:00,0001-01-01T00:00:00+00:00
0,F.US.MNQ,-1,58.0,0.74,0,,2025-06-20T05:00:00+00:00,2025-06-20T08:01:56.19701+00:00,0001-01-01T00:00:00+00:00
0,F.US.MNQ,-1,61.0,0.74,0,,2025-06-20T05:00:00+00:00,2025-06-20T08:01:56.197036+00:00,0001-01-01T00:00:00+00:00
0,F.US.MNQ,-2,-62.0,1.48,0,,2025-06-20T05:00:00+00:00,2025-06-20T13:48:23.428617+00:00,0001-01-01T00:00:00+00:00
0,F.US.MES,-2,22.5,1.48,0,,2025-06-20T05:00:00+00:00,2025-06-20T13:48:48.542464+00:00,0001-01-01T00:00:00+00:00
0,F.US.MNQ,-4,-186.0,2.96,0,,2025-06-20T05:00:00+00:00,2025-06-20T13:50:18.042274+00:00,0001-01-01T00:00:00+00:00
0,F.US.MNQ,-2,-74.0,1.48,0,,2025-06-20T05:00:00+00:00,2025-06-20T14:07:04.299112+00:00,0001-01-01T00:00:00+00:00
0,F.US.MNQ,-2,-87.0,1.48,0,,2025-06-20T05:00:00+00:00,2025-06-20T14:23:48.218344+00:00,0001-01-01T00:00:00+00:00
0,F.US.MNQ,-4,-164.0,2.96,0,,2025-06-23T05:00:00+00:00,2025-06-23T13:31:08.94266+00:00,0001-01-01T00:00:00+00:00
0,F.US.MNQ,-2,83.0,1.48,0,,2025-06-23T05:00:00+00:00,2025-06-23T13:32:52.119466+00:00,0001-01-01T00:00:00+00:00
0,F.US.MNQ,-2,-84.0,1.48,0,,2025-06-23T05:00:00+00:00,2025-06-23T13:34:12.100658+00:00,0001-01-01T00:00:00+00:00
0,F.US.MNQ,-1,91.0,0.74,0,,2025-06-23T05:00:00+00:00,2025-06-23T13:36:29.275178+00:00,0001-01-01T00:00:00+00:00
0,F.US.MNQ,-2,331.0,1.48,0,,2025-06-23T05:00:00+00:00,2025-06-23T13:42:45.796222+00:00,0001-01-01T00:00:00+00:00
0,F.US.MNQ,-1,62.0,0.74,0,,2025-06-23T05:00:00+00:00,2025-06-23T13:47:09.081741+00:00,0001-01-01T00:00:00+00:00
0,F.US.MNQ,-1,84.0,0.74,0,,2025-06-23T05:00:00+00:00,2025-06-23T13:49:24.242008+00:00,0001-01-01T00:00:00+00:00
0,F.US.MNQ,-1,208.0,0.74,0,,2025-06-23T05:00:00+00:00,2025-06-23T14:00:08.540189+00:00,0001-01-01T00:00:00+00:00
0,F.US.MES,3,105.0,2.22,0,,2025-06-24T05:00:00+00:00,2025-06-24T14:01:01.489647+00:00,0001-01-01T00:00:00+00:00
0,F.US.MES,2,65.0,1.48,0,,2025-06-24T05:00:00+00:00,2025-06-24T14:08:48.106707+00:00,0001-01-01T00:00:00+00:00
0,F.US.MES,-1,60.0,0.74,0,,2025-06-24T05:00:00+00:00,2025-06-24T14:45:02.761009+00:00,0001-01-01T00:00:00+00:00
0,F.US.MES,-1,76.25,0.74,0,,2025-06-24T05:00:00+00:00,2025-06-24T15:37:27.100378+00:00,0001-01-01T00:00:00+00:00
0,F.US.MNQ,-4,-94.0,2.96,0,,2025-06-25T05:00:00+00:00,2025-06-25T07:45:04.660484+00:00,0001-01-01T00:00:00+00:00
0,F.US.MNQ,-2,-42.0,1.48,0,,2025-06-25T05:00:00+00:00,2025-06-25T07:45:04.660515+00:00,0001-01-01T00:00:00+00:00
0,F.US.MNQ,-1,3.5,0.74,0,,2025-06-25T05:00:00+00:00,2025-06-25T07:49:50.851412+00:00,0001-01-01T00:00:00+00:00
0,F.US.MNQ,-1,3.5,0.74,0,,2025-06-25T05:00:00+00:00,2025-06-25T08:06:46.697224+00:00,0001-01-01T00:00:00+00:00
0,F.US.MNQ,-2,67.0,1.48,0,,2025-06-25T05:00:00+00:00,2025-06-25T08:17:01.761981+00:00,0001-01-01T00:00:00+00:00
0,F.US.MNQ,-1,-1.0,0.74,0,,2025-06-25T05:00:00+00:00,2025-06-25T08:30:54.815968+00:00,0001-01-01T00:00:00+00:00
0,F.US.MNQ,-2,79.0,1.48,0,,2025-06-25T05:00:00+00:00,2025-06-25T09:01:13.506578+00:00,0001-01-01T00:00:00+00:00
0,F.US.MNQ,-1,40.0,0.74,0,,2025-06-25T05:00:00+00:00,2025-06-25T09:27:39.195839+00:00,0001-01-01T00:00:00+00:00
0,F.US.MES,-3,-41.25,2.22,0,,2025-06-25T05:00:00+00:00,2025-06-25T13:49:51.427951+00:00,0001-01-01T00:00:00+00:00
0,F.US.MES,-3,-52.5,2.22,0,,2025-06-25T05:00:00+00:00,2025-06-25T13:49:51.427978+00:00,0001-01-01T00:00:00+00:00
0,F.US.MES,-2,2.5,1.48,0,,2025-06-25T05:00:00+00:00,2025-06-25T14:05:38.722571+00:00,0001-01-01T00:00:00+00:00
0,F.US.MNQ,-2,-27.0,1.48,0,,2025-06-25T05:00:00+00:00,2025-06-25T14:11:28.403512+00:00,0001-01-01T00:00:00+00:00
0,F.US.MNQ,-2,-61.0,1.48,0,,2025-06-25T05:00:00+00:00,2025-06-25T14:11:28.403536+00:00,0001-01-01T00:00:00+00:00
0,F.US.MES,-2,-65.0,1.48,0,,2025-06-25T05:00:00+00:00,2025-06-25T14:13:50.836469+00:00,0001-01-01T00:00:00+00:00
0,F.US.MES,2,0.0,1.48,0,,2025-06-25T05:00:00+00:00,2025-06-25T14:26:08.103308+00:00,0001-01-01T00:00:00+00:00
0,F.US.MNQ,1,-27.0,0.74,0,,2025-06-25T05:00:00+00:00,2025-06-25T14:30:32.206661+00:00,0001-01-01T00:00:00+00:00
0,F.US.MNQ,2,-47.0,1.48,0,,2025-06-25T05:00:00+00:00,2025-06-25T14:30:32.206692+00:00,0001-01-01T00:00:00+00:00
0,F.US.MNQ,-5,-27.5,3.7,0,,2025-06-26T05:00:00+00:00,2025-06-26T09:31:32.961819+00:00,0001-01-01T00:00:00+00:00
0,F.US.MNQ,5,-22.5,3.7,0,,2025-06-26T05:00:00+00:00,2025-06-26T09:47:21.805952+00:00,0001-01-01T00:00:00+00:00
0,F.US.MNQ,-2,-108.0,1.48,0,,2025-06-26T05:00:00+00:00,2025-06-26T12:33:51.7345+00:00,0001-01-01T00:00:00+00:00
0,F.US.MNQ,-2,-38.0,1.48,0,,2025-06-26T05:00:00+00:00,2025-06-26T13:31:22.818268+00:00,0001-01-01T00:00:00+00:00
0,F.US.MNQ,-2,-73.0,1.48,0,,2025-06-26T05:00:00+00:00,2025-06-26T13:33:07.202172+00:00,0001-01-01T00:00:00+00:00
0,F.US.MNQ,1,34.0,0.74,0,,2025-06-26T05:00:00+00:00,2025-06-26T13:36:41.296119+00:00,0001-01-01T00:00:00+00:00
0,F.US.MNQ,1,76.0,0.74,0,,2025-06-26T05:00:00+00:00,2025-06-26T13:43:10.354519+00:00,0001-01-01T00:00:00+00:00
0,F.US.MNQ,1,63.0,0.74,0,,2025-06-26T05:00:00+00:00,2025-06-26T13:46:09.001805+00:00,0001-01-01T00:00:00+00:00
0,F.US.MES,1,26.25,0.74,0,,2025-06-26T05:00:00+00:00,2025-06-26T13:51:17.824694+00:00,0001-01-01T00:00:00+00:00
0,F.US.MNQ,1,53.5,0.74,0,,2025-06-26T05:00:00+00:00,2025-06-26T13:53:51.472865+00:00,0001-01-01T00:00:00+00:00
0,F.US.MNQ,2,-57.0,1.48,0,,2025-06-26T05:00:00+00:00,2025-06-26T13:54:47.696074+00:00,0001-01-01T00:00:00+00:00
0,F.US.MES,1,3.75,0.74,0,,2025-06-26T05:00:00+00:00,2025-06-26T13:55:10.511116+00:00,0001-01-01T00:00:00+00:00
0,F.US.MES,-4,205.0,2.96,0,,2025-06-26T05:00:00+00:00,2025-06-26T14:00:08.144811+00:00,0001-01-01T00:00:00+00:00
0,F.US.MES,-2,50.0,1.48,0,,2025-06-26T05:00:00+00:00,2025-06-26T14:28:50.827713+00:00,0001-01-01T00:00:00+00:00
0,F.US.MNQ,3,-1.5,2.22,0,,2025-06-27T05:00:00+00:00,2025-06-26T22:23:03.679072+00:00,0001-01-01T00:00:00+00:00
0,F.US.MNQ,-3,-22.5,2.22,0,,2025-06-27T05:00:00+00:00,2025-06-27T12:30:22.051328+00:00,0001-01-01T00:00:00+00:00
0,F.US.MNQ,-2,-39.0,1.48,0,,2025-06-27T05:00:00+00:00,2025-06-27T12:32:01.153098+00:00,0001-01-01T00:00:00+00:00
0,F.US.MES,-1,13.75,0.74,0,,2025-06-27T05:00:00+00:00,2025-06-27T12:38:00.323405+00:00,0001-01-01T00:00:00+00:00
0,F.US.MNQ,-3,-63.0,2.22,0,,2025-06-27T05:00:00+00:00,2025-06-27T12:42:51.283323+00:00,0001-01-01T00:00:00+00:00
0,F.US.MES,-2,-40.0,1.48,0,,2025-06-27T05:00:00+00:00,2025-06-27T13:05:34.236982+00:00,0001-01-01T00:00:00+00:00
0,F.US.MNQ,1,57.0,0.74,0,,2025-06-27T05:00:00+00:00,2025-06-27T13:12:38.602451+00:00,0001-01-01T00:00:00+00:00
0,F.US.MNQ,2,110.0,1.48,0,,2025-06-27T05:00:00+00:00,2025-06-27T13:30:01.958405+00:00,0001-01-01T00:00:00+00:00
0,F.US.MNQ,-2,87.0,1.48,0,,2025-06-27T05:00:00+00:00,2025-06-27T13:36:36.109692+00:00,0001-01-01T00:00:00+00:00
0,F.US.MNQ,-1,108.0,0.74,0,,2025-06-27T05:00:00+00:00,2025-06-27T13:38:59.844792+00:00,0001-01-01T00:00:00+00:00
0,F.US.MNQ,-1,207.0,0.74,0,,2025-06-27T05:00:00+00:00,2025-06-27T14:00:45.167216+00:00,0001-01-01T00:00:00+00:00
0,F.US.MNQ,-1,50.5,0.74,0,,2025-06-30T05:00:00+00:00,2025-06-30T09:16:19.786288+00:00,0001-01-01T00:00:00+00:00
0,F.US.MNQ,-1,75.5,0.74,0,,2025-06-30T05:00:00+00:00,2025-06-30T09:29:03.683987+00:00,0001-01-01T00:00:00+00:00
0,F.US.MES,-2,10.0,1.48,0,,2025-06-30T05:00:00+00:00,2025-06-30T09:46:48.189846+00:00,0001-01-01T00:00:00+00:00
0,F.US.MNQ,-3,-75.0,2.22,0,,2025-06-30T05:00:00+00:00,2025-06-30T13:30:03.384934+00:00,0001-01-01T00:00:00+00:00
0,F.US.MNQ,-2,-95.0,1.48,0,,2025-06-30T05:00:00+00:00,2025-06-30T13:34:32.037591+00:00,0001-01-01T00:00:00+00:00
0,F.US.MNQ,-2,-71.0,1.48,0,,2025-06-30T05:00:00+00:00,2025-06-30T13:34:32.037616+00:00,0001-01-01T00:00:00+00:00
0,F.US.MNQ,-2,-59.0,1.48,0,,2025-06-30T05:00:00+00:00,2025-06-30T13:43:52.681717+00:00,0001-01-01T00:00:00+00:00
0,F.US.MNQ,1,35.5,0.74,0,,2025-06-30T05:00:00+00:00,2025-06-30T13:49:32.940658+00:00,0001-01-01T00:00:00+00:00
0,F.US.MNQ,1,-23.0,0.74,0,,2025-06-30T05:00:00+00:00,2025-06-30T13:56:27.79234+00:00,0001-01-01T00:00:00+00:00
0,F.US.MNQ,-1,20.5,0.74,0,,2025-06-30T05:00:00+00:00,2025-06-30T14:07:54.542891+00:00,0001-01-01T00:00:00+00:00
0,F.US.MNQ,-2,-79.0,1.48,0,,2025-06-30T05:00:00+00:00,2025-06-30T14:38:11.237156+00:00,0001-01-01T00:00:00+00:00
0,F.US.MNQ,2,67.0,1.48,0,,2025-07-01T05:00:00+00:00,2025-07-01T07:18:56.416397+00:00,0001-01-01T00:00:00+00:00
0,F.US.MNQ,1,18.0,0.74,0,,2025-07-01T05:00:00+00:00,2025-07-01T07:20:11.855255+00:00,0001-01-01T00:00:00+00:00
0,F.US.MNQ,-3,-49.5,2.22,0,,2025-07-01T05:00:00+00:00,2025-07-01T07:45:26.865042+00:00,0001-01-01T00:00:00+00:00
0,F.US.MNQ,1,67.5,0.74,0,,2025-07-01T05:00:00+00:00,2025-07-01T09:46:54.858813+00:00,0001-01-01T00:00:00+00:00
0,F.US.MNQ,1,42.5,0.74,0,,2025-07-01T05:00:00+00:00,2025-07-01T09:46:54.858837+00:00,0001-01-01T00:00:00+00:00
0,F.US.MNQ,-2,97.0,1.48,0,,2025-07-01T05:00:00+00:00,2025-07-01T14:15:02.126114+00:00,0001-01-01T00:00:00+00:00
0,F.US.MNQ,-3,222.0,2.22,0,,2025-07-01T05:00:00+00:00,2025-07-01T14:16:25.926775+00:00,0001-01-01T00:00:00+00:00
0,F.US.MNQ,-2,97.0,1.48,0,,2025-07-02T05:00:00+00:00,2025-07-02T19:04:12.588653+00:00,0001-01-01T00:00:00+00:00
0,F.US.MNQ,-2,-40.0,1.48,0,,2025-07-03T05:00:00+00:00,2025-07-03T08:52:37.600342+00:00,0001-01-01T00:00:00+00:00
0,F.US.MNQ,-2,-35.0,1.48,0,,2025-07-03T05:00:00+00:00,2025-07-03T09:00:07.500507+00:00,0001-01-01T00:00:00+00:00
0,F.US.MNQ,2,-38.0,1.48,0,,2025-07-03T05:00:00+00:00,2025-07-03T09:21:45.431363+00:00,0001-01-01T00:00:00+00:00
0,F.US.MNQ,-2,-18.0,1.48,0,,2025-07-03T05:00:00+00:00,2025-07-03T09:39:14.965061+00:00,0001-01-01T00:00:00+00:00
0,F.US.MNQ,5,-20.0,3.7,0,,2025-07-03T05:00:00+00:00,2025-07-03T09:39:31.693755+00:00,0001-01-01T00:00:00+00:00
0,F.US.ENQ,-2,-10.0,5.6,0,,2025-07-04T05:00:00+00:00,2025-07-04T08:33:34.338984+00:00,0001-01-01T00:00:00+00:00
0,F.US.MNQ,-2,-64.0,1.48,0,,2025-07-04T05:00:00+00:00,2025-07-04T08:52:38.842779+00:00,0001-01-01T00:00:00+00:00
0,F.US.MYM,-2,-4.0,1.48,0,,2025-07-04T05:00:00+00:00,2025-07-04T09:10:38.021934+00:00,0001-01-01T00:00:00+00:00
0,F.US.MYM,-3,-55.5,2.22,0,,2025-07-04T05:00:00+00:00,2025-07-04T10:48:40.683095+00:00,0001-01-01T00:00:00+00:00
0,F.US.MNQ,-1,-30.0,0.74,0,,2025-07-04T05:00:00+00:00,2025-07-04T13:35:33.135287+00:00,0001-01-01T00:00:00+00:00
0,F.US.MNQ,-3,-178.5,2.22,0,,2025-07-07T05:00:00+00:00,2025-07-07T13:34:29.00546+00:00,0001-01-01T00:00:00+00:00
0,F.US.MNQ,-2,-109.0,1.48,0,,2025-07-08T05:00:00+00:00,2025-07-08T13:59:42.417164+00:00,0001-01-01T00:00:00+00:00
0,F.US.MES,3,-120.0,2.22,0,,2025-07-09T05:00:00+00:00,2025-07-09T13:32:10.435921+00:00,0001-01-01T00:00:00+00:00
0,F.US.MNQ,1,-53.5,0.74,0,,2025-07-11T05:00:00+00:00,2025-07-11T13:30:20.208669+00:00,0001-01-01T00:00:00+00:00
0,F.US.MNQ,1,30.5,0.74,0,,2025-07-11T05:00:00+00:00,2025-07-11T13:48:37.935056+00:00,0001-01-01T00:00:00+00:00
0,F.US.MES,-1,72.5,0.74,0,,2025-07-11T05:00:00+00:00,2025-07-11T14:14:53.311771+00:00,0001-01-01T00:00:00+00:00
0,F.US.MES,-1,82.5,0.74,0,,2025-07-11T05:00:00+00:00,2025-07-11T14:22:47.142702+00:00,0001-01-01T00:00:00+00:00
0,F.US.MES,1,-7.5,0.74,0,,2025-07-14T05:00:00+00:00,2025-07-13T22:31:26.6287+00:00,0001-01-01T00:00:00+00:00
0,F.US.MNQ,-1,109.5,0.74,0,,2025-07-14T05:00:00+00:00,2025-07-13T22:45:07.759306+00:00,0001-01-01T00:00:00+00:00
0,F.US.MNQ,1,-50.5,0.74,0,,2025-07-14T05:00:00+00:00,2025-07-14T13:31:20.60667+00:00,0001-01-01T00:00:00+00:00
0,F.US.MNQ,1,9.0,0.74,0,,2025-07-14T05:00:00+00:00,2025-07-14T13:34:12.088886+00:00,0001-01-01T00:00:00+00:00
0,F.US.MNQ,1,35.0,0.74,0,,2025-07-14T05:00:00+00:00,2025-07-14T13:35:08.915768+00:00,0001-01-01T00:00:00+00:00
0,F.US.MNQ,-1,0.5,0.74,0,,2025-07-14T05:00:00+00:00,2025-07-14T13:38:24.273831+00:00,0001-01-01T00:00:00+00:00
0,F.US.MNQ,1,127.0,0.74,0,,2025-07-14T05:00:00+00:00,2025-07-14T13:43:01.837623+00:00,0001-01-01T00:00:00+00:00
0,F.US.MNQ,1,-5.0,0.74,0,,2025-07-14T05:00:00+00:00,2025-07-14T13:47:01.249989+00:00,0001-01-01T00:00:00+00:00
0,F.US.MNQ,-1,94.5,0.74,0,,2025-07-14T05:00:00+00:00,2025-07-14T13:48:24.258475+00:00,0001-01-01T00:00:00+00:00
0,F.US.MNQ,1,34.5,0.74,0,,2025-07-15T05:00:00+00:00,2025-07-14T23:53:42.697991+00:00,0001-01-01T00:00:00+00:00
0,F.US.MNQ,-1,-56.0,0.74,0,,2025-07-15T05:00:00+00:00,2025-07-15T12:30:03.620827+00:00,0001-01-01T00:00:00+00:00
0,F.US.MNQ,-1,-45.0,0.74,0,,2025-07-15T05:00:00+00:00,2025-07-15T12:44:56.090813+00:00,0001-01-01T00:00:00+00:00
0,F.US.MNQ,-1,-55.0,0.74,0,,2025-07-15T05:00:00+00:00,2025-07-15T12:44:56.090845+00:00,0001-01-01T00:00:00+00:00
0,F.US.MNQ,1,-12.5,0.74,0,,2025-07-15T05:00:00+00:00,2025-07-15T12:47:28.567231+00:00,0001-01-01T00:00:00+00:00
0,F.US.MNQ,-1,69.5,0.74,0,,2025-07-15T05:00:00+00:00,2025-07-15T12:56:02.918506+00:00,0001-01-01T00:00:00+00:00
0,F.US.MNQ,-1,32.0,0.74,0,,2025-07-15T05:00:00+00:00,2025-07-15T13:31:37.703832+00:00,0001-01-01T00:00:00+00:00
0,F.US.MNQ,-2,-169.0,1.48,0,,2025-07-15T05:00:00+00:00,2025-07-15T13:40:39.835972+00:00,0001-01-01T00:00:00+00:00
0,F.US.MNQ,-1,-6.5,0.74,0,,2025-07-16T05:00:00+00:00,2025-07-15T23:20:02.179817+00:00,0001-01-01T00:00:00+00:00
0,F.US.MNQ,-1,0.0,0.74,0,,2025-07-16T05:00:00+00:00,2025-07-15T23:20:02.17984+00:00,0001-01-01T00:00:00+00:00
0,F.US.MNQ,1,-9.0,0.74,0,,2025-07-16T05:00:00+00:00,2025-07-16T01:14:10.493587+00:00,0001-01-01T00:00:00+00:00
0,F.US.MNQ,1,10.5,0.74,0,,2025-07-16T05:00:00+00:00,2025-07-16T09:50:03.70367+00:00,0001-01-01T00:00:00+00:00
0,F.US.MNQ,-1,25.0,0.74,0,,2025-07-16T05:00:00+00:00,2025-07-16T11:27:56.117246+00:00,0001-01-01T00:00:00+00:00
0,F.US.MYM,1,4.0,0.74,0,,2025-07-16T05:00:00+00:00,2025-07-16T13:34:25.461418+00:00,0001-01-01T00:00:00+00:00
0,F.US.MYM,1,9.0,0.74,0,,2025-07-16T05:00:00+00:00,2025-07-16T13:34:25.461457+00:00,0001-01-01T00:00:00+00:00
0,F.US.MES,1,36.25,0.74,0,,2025-07-16T05:00:00+00:00,2025-07-16T13:35:43.176129+00:00,0001-01-01T00:00:00+00:00
0,F.US.MNQ,-2,-77.0,1.48,0,,2025-07-16T05:00:00+00:00,2025-07-16T13:41:39.666835+00:00,0001-01-01T00:00:00+00:00
0,F.US.MNQ,-1,-16.5,0.74,0,,2025-07-16T05:00:00+00:00,2025-07-16T13:41:39.666863+00:00,0001-01-01T00:00:00+00:00
0,F.US.MNQ,1,-30.0,0.74,0,,2025-07-16T05:00:00+00:00,2025-07-16T13:42:37.790507+00:00,0001-01-01T00:00:00+00:00
0,F.US.MES,1,71.25,0.74,0,,2025-07-16T05:00:00+00:00,2025-07-16T13:50:02.212466+00:00,0001-01-01T00:00:00+00:00
0,F.US.MNQ,1,61.0,0.74,0,,2025-07-16T05:00:00+00:00,2025-07-16T13:50:10.806112+00:00,0001-01-01T00:00:00+00:00
0,F.US.MNQ,-1,-43.5,0.74,0,,2025-07-16T05:00:00+00:00,2025-07-16T13:51:05.708402+00:00,0001-01-01T00:00:00+00:00
0,F.US.MNQ,-2,-39.0,1.48,0,,2025-07-17T05:00:00+00:00,2025-07-16T22:11:11.16066+00:00,0001-01-01T00:00:00+00:00
0,F.US.MNQ,-2,11.0,1.48,0,,2025-07-17T05:00:00+00:00,2025-07-16T22:12:20.322727+00:00,0001-01-01T00:00:00+00:00
0,F.US.MNQ,-2,-29.0,1.48,0,,2025-07-17T05:00:00+00:00,2025-07-16T22:38:01.92674+00:00,0001-01-01T00:00:00+00:00
0,F.US.MNQ,-1,79.0,0.74,0,,2025-07-17T05:00:00+00:00,2025-07-17T12:51:08.345891+00:00,0001-01-01T00:00:00+00:00
0,F.US.MNQ,-1,101.0,0.74,0,,2025-07-17T05:00:00+00:00,2025-07-17T13:13:11.631085+00:00,0001-01-01T00:00:00+00:00
0,F.US.MNQ,1,50.5,0.74,0,,2025-07-17T05:00:00+00:00,2025-07-17T13:35:46.787077+00:00,0001-01-01T00:00:00+00:00
0,F.US.MNQ,1,-9.5,0.74,0,,2025-07-17T05:00:00+00:00,2025-07-17T13:38:04.759535+00:00,0001-01-01T00:00:00+00:00
0,F.US.MNQ,1,-45.5,0.74,0,,2025-07-17T05:00:00+00:00,2025-07-17T13:41:17.253128+00:00,0001-01-01T00:00:00+00:00
0,F.US.MNQ,1,-27.5,0.74,0,,2025-07-17T05:00:00+00:00,2025-07-17T13:41:17.253157+00:00,0001-01-01T00:00:00+00:00
0,F.US.MNQ,-1,16.5,0.74,0,,2025-07-17T05:00:00+00:00,2025-07-17T13:41:31.173131+00:00,0001-01-01T00:00:00+00:00
0,F.US.MNQ,-1,40.0,0.74,0,,2025-07-17T05:00:00+00:00,2025-07-17T13:44:51.724264+00:00,0001-01-01T00:00:00+00:00
0,F.US.MNQ,-1,63.5,0.74,0,,2025-07-17T05:00:00+00:00,2025-07-17T13:49:10.402659+00:00,0001-01-01T00:00:00+00:00
0,F.US.MNQ,2,-48.0,1.48,0,,2025-07-17T05:00:00+00:00,2025-07-17T13:55:11.90964+00:00,0001-01-01T00:00:00+00:00
0,F.US.MNQ,1,-18.5,0.74,0,,2025-07-17T05:00:00+00:00,2025-07-17T14:00:01.420095+00:00,0001-01-01T00:00:00+00:00
0,F.US.MNQ,1,-9.0,0.74,0,,2025-07-17T05:00:00+00:00,2025-07-17T14:00:01.420122+00:00,0001-01-01T00:00:00+00:00
0,F.US.MES,3,-56.25,2.22,0,,2025-07-17T05:00:00+00:00,2025-07-17T14:01:30.823183+00:00,0001-01-01T00:00:00+00:00
0,F.US.MNQ,-1,-6.5,0.74,0,,2025-07-17T05:00:00+00:00,2025-07-17T14:11:28.262067+00:00,0001-01-01T00:00:00+00:00
0,F.US.MNQ,1,-31.0,0.74,0,,2025-07-17T05:00:00+00:00,2025-07-17T14:34:00.160031+00:00,0001-01-01T00:00:00+00:00
0,F.US.MNQ,1,-63.5,0.74,0,,2025-07-17T05:00:00+00:00,2025-07-17T14:34:00.160062+00:00,0001-01-01T00:00:00+00:00
0,F.US.MNQ,-10,40.0,7.4,0,,2025-07-17T05:00:00+00:00,2025-07-17T14:34:09.381996+00:00,0001-01-01T00:00:00+00:00
0,F.US.MNQ,1,34.0,0.74,0,,2025-07-17T05:00:00+00:00,2025-07-17T14:38:54.875287+00:00,0001-01-01T00:00:00+00:00
0,F.US.MES,1,16.25,0.74,0,,2025-07-17T05:00:00+00:00,2025-07-17T14:39:06.860376+00:00,0001-01-01T00:00:00+00:00
0,F.US.MES,2,-22.5,1.48,0,,2025-07-17T05:00:00+00:00,2025-07-17T14:48:03.450464+00:00,0001-01-01T00:00:00+00:00
0,F.US.MNQ,1,-24.5,0.74,0,,2025-07-17T05:00:00+00:00,2025-07-17T14:49:09.755503+00:00,0001-01-01T00:00:00+00:00
0,F.US.MNQ,2,4.0,1.48,0,,2025-07-17T05:00:00+00:00,2025-07-17T14:53:05.185118+00:00,0001-01-01T00:00:00+00:00
0,F.US.MNQ,2,-33.0,1.48,0,,2025-07-17T05:00:00+00:00,2025-07-17T14:58:11.672475+00:00,0001-01-01T00:00:00+00:00
0,F.US.MES,-2,35.0,1.48,0,,2025-07-17T05:00:00+00:00,2025-07-17T15:03:08.68824+00:00,0001-01-01T00:00:00+00:00
0,F.US.MYM,-2,9.0,1.48,0,,2025-07-17T05:00:00+00:00,2025-07-17T15:03:16.198547+00:00,0001-01-01T00:00:00+00:00
0,F.US.MES,-2,75.0,1.48,0,,2025-07-17T05:00:00+00:00,2025-07-17T15:06:04.713222+00:00,0001-01-01T00:00:00+00:00
0,F.US.MYM,-1,22.5,0.74,0,,2025-07-17T05:00:00+00:00,2025-07-17T15:07:02.164043+00:00,0001-01-01T00:00:00+00:00
0,F.US.MES,-4,95.0,2.96,0,,2025-07-17T05:00:00+00:00,2025-07-17T15:07:46.604151+00:00,0001-01-01T00:00:00+00:00
0,F.US.MYM,-1,13.0,0.74,0,,2025-07-17T05:00:00+00:00,2025-07-17T15:07:54.108694+00:00,0001-01-01T00:00:00+00:00
0,F.US.MNQ,-2,142.0,1.48,0,,2025-07-18T05:00:00+00:00,2025-07-18T13:28:00.768478+00:00,0001-01-01T00:00:00+00:00
0,F.US.MNQ,-1,1.5,0.74,0,,2025-07-18T05:00:00+00:00,2025-07-18T13:36:03.940652+00:00,0001-01-01T00:00:00+00:00
0,F.US.MNQ,-1,0.0,0.74,0,,2025-07-18T05:00:00+00:00,2025-07-18T13:38:42.897053+00:00,0001-01-01T00:00:00+00:00
0,F.US.MNQ,-1,9.0,0.74,0,,2025-07-18T05:00:00+00:00,2025-07-18T13:45:51.955816+00:00,0001-01-01T00:00:00+00:00
0,F.US.MNQ,2,-63.0,1.48,0,,2025-07-18T05:00:00+00:00,2025-07-18T13:47:28.81951+00:00,0001-01-01T00:00:00+00:00
0,F.US.MNQ,-2,3.0,1.48,0,,2025-07-18T05:00:00+00:00,2025-07-18T13:51:44.936921+00:00,0001-01-01T00:00:00+00:00
0,F.US.MNQ,-2,-93.0,1.48,0,,2025-07-18T05:00:00+00:00,2025-07-18T13:52:04.336949+00:00,0001-01-01T00:00:00+00:00
0,F.US.MNQ,-3,-15.0,2.22,0,,2025-07-18T05:00:00+00:00,2025-07-18T13:54:55.403469+00:00,0001-01-01T00:00:00+00:00
0,F.US.MYM,-3,-6.0,2.22,0,,2025-07-18T05:00:00+00:00,2025-07-18T13:55:27.095002+00:00,0001-01-01T00:00:00+00:00
0,F.US.MYM,3,-1.5,2.22,0,,2025-07-18T05:00:00+00:00,2025-07-18T13:55:53.669566+00:00,0001-01-01T00:00:00+00:00
0,F.US.MNQ,1,20.5,0.74,0,,2025-07-18T05:00:00+00:00,2025-07-18T13:57:30.290806+00:00,0001-01-01T00:00:00+00:00
0,F.US.MNQ,2,73.0,1.48,0,,2025-07-18T05:00:00+00:00,2025-07-18T14:00:05.603829+00:00,0001-01-01T00:00:00+00:00
0,F.US.MNQ,2,-24.0,1.48,0,,2025-07-18T05:00:00+00:00,2025-07-18T14:00:06.320422+00:00,0001-01-01T00:00:00+00:00
0,F.US.MNQ,15,-37.5,11.1,0,,2025-07-18T05:00:00+00:00,2025-07-18T14:00:10.998763+00:00,0001-01-01T00:00:00+00:00
0,F.US.MNQ,15,67.5,11.1,0,,2025-07-18T05:00:00+00:00,2025-07-18T14:00:15.979359+00:00,0001-01-01T00:00:00+00:00
0,F.US.MNQ,3,-1.5,2.22,0,,2025-07-18T05:00:00+00:00,2025-07-18T14:00:37.109957+00:00,0001-01-01T00:00:00+00:00
0,F.US.MNQ,2,110.0,1.48,0,,2025-07-18T05:00:00+00:00,2025-07-18T14:04:37.851846+00:00,0001-01-01T00:00:00+00:00
0,F.US.MNQ,3,63.0,2.22,0,,2025-07-18T05:00:00+00:00,2025-07-18T14:14:14.86451+00:00,0001-01-01T00:00:00+00:00
0,F.US.MNQ,5,-47.5,3.7,0,,2025-07-21T05:00:00+00:00,2025-07-21T09:03:16.339214+00:00,0001-01-01T00:00:00+00:00
0,F.US.MNQ,-3,3.0,2.22,0,,2025-07-21T05:00:00+00:00,2025-07-21T09:15:05.656288+00:00,0001-01-01T00:00:00+00:00
0,F.US.MNQ,-2,5.0,1.48,0,,2025-07-21T05:00:00+00:00,2025-07-21T09:15:05.656328+00:00,0001-01-01T00:00:00+00:00
0,F.US.MNQ,5,10.0,3.7,0,,2025-07-21T05:00:00+00:00,2025-07-21T09:15:59.851089+00:00,0001-01-01T00:00:00+00:00
0,F.US.MNQ,5,-80.0,3.7,0,,2025-07-21T05:00:00+00:00,2025-07-21T10:11:32.523049+00:00,0001-01-01T00:00:00+00:00
0,F.US.MYM,-4,-26.0,2.96,0,,2025-07-21T05:00:00+00:00,2025-07-21T10:35:25.570228+00:00,0001-01-01T00:00:00+00:00
0,F.US.MYM,-2,-13.0,1.48,0,,2025-07-21T05:00:00+00:00,2025-07-21T10:35:25.570251+00:00,0001-01-01T00:00:00+00:00
0,F.US.MES,-5,-31.25,3.7,0,,2025-07-21T05:00:00+00:00,2025-07-21T10:36:54.136174+00:00,0001-01-01T00:00:00+00:00
0,F.US.MNQ,-3,-75.0,2.22,0,,2025-07-22T05:00:00+00:00,2025-07-22T08:23:14.773244+00:00,0001-01-01T00:00:00+00:00
0,F.US.MYM,4,-50.0,2.96,0,,2025-07-22T05:00:00+00:00,2025-07-22T13:31:43.666907+00:00,0001-01-01T00:00:00+00:00
0,F.US.MYM,2,-20.0,1.48,0,,2025-07-22T05:00:00+00:00,2025-07-22T13:41:23.806208+00:00,0001-01-01T00:00:00+00:00
0,F.US.MNQ,-2,-59.0,1.48,0,,2025-07-22T05:00:00+00:00,2025-07-22T13:45:58.348226+00:00,0001-01-01T00:00:00+00:00
0,F.US.MES,1,2.5,0.74,0,,2025-07-23T05:00:00+00:00,2025-07-23T12:53:01.508367+00:00,0001-01-01T00:00:00+00:00
0,F.US.MES,4,-60.0,2.96,0,,2025-07-23T05:00:00+00:00,2025-07-23T13:23:10.464463+00:00,0001-01-01T00:00:00+00:00
0,F.US.MNQ,-2,138.0,1.48,0,,2025-07-23T05:00:00+00:00,2025-07-23T13:23:11.656172+00:00,0001-01-01T00:00:00+00:00
0,F.US.MNQ,-1,57.5,0.74,0,,2025-07-23T05:00:00+00:00,2025-07-23T13:32:42.130156+00:00,0001-01-01T00:00:00+00:00
0,F.US.MNQ,-1,76.0,0.74,0,,2025-07-23T05:00:00+00:00,2025-07-23T13:35:00.100438+00:00,0001-01-01T00:00:00+00:00
0,F.US.MNQ,-1,-35.0,0.74,0,,2025-07-23T05:00:00+00:00,2025-07-23T13:51:11.582984+00:00,0001-01-01T00:00:00+00:00
0,F.US.MES,1,0.0,0.74,0,,2025-07-23T05:00:00+00:00,2025-07-23T14:12:17.874435+00:00,0001-01-01T00:00:00+00:00
0,F.US.MES,1,-11.25,0.74,0,,2025-07-23T05:00:00+00:00,2025-07-23T14:17:14.88658+00:00,0001-01-01T00:00:00+00:00
0,F.US.MES,-1,11.25,0.74,0,,2025-07-23T05:00:00+00:00,2025-07-23T14:25:09.54066+00:00,0001-01-01T00:00:00+00:00
0,F.US.MNQ,-1,33.0,0.74,0,,2025-07-23T05:00:00+00:00,2025-07-23T14:25:09.558827+00:00,0001-01-01T00:00:00+00:00
0,F.US.MGC,-1,-21.0,1.24,0,,2025-07-24T05:00:00+00:00,2025-07-24T08:00:54.65176+00:00,0001-01-01T00:00:00+00:00
0,F.US.MGC,-1,-21.0,1.24,0,,2025-07-24T05:00:00+00:00,2025-07-24T08:00:54.651781+00:00,0001-01-01T00:00:00+00:00
0,F.US.MNQ,2,-7.0,1.48,0,,2025-07-24T05:00:00+00:00,2025-07-24T09:56:01.237271+00:00,0001-01-01T00:00:00+00:00
0,F.US.MNQ,1,0.5,0.74,0,,2025-07-24T05:00:00+00:00,2025-07-24T12:02:01.98063+00:00,0001-01-01T00:00:00+00:00
0,F.US.MNQ,1,-14.0,0.74,0,,2025-07-24T05:00:00+00:00,2025-07-24T12:06:22.08434+00:00,0001-01-01T00:00:00+00:00
0,F.US.MNQ,-2,-23.0,1.48,0,,2025-07-24T05:00:00+00:00,2025-07-24T12:16:08.209058+00:00,0001-01-01T00:00:00+00:00
0,F.US.MNQ,2,-9.0,1.48,0,,2025-07-24T05:00:00+00:00,2025-07-24T12:30:42.419661+00:00,0001-01-01T00:00:00+00:00
0,F.US.MNQ,1,30.5,0.74,0,,2025-07-24T05:00:00+00:00,2025-07-24T12:37:35.637001+00:00,0001-01-01T00:00:00+00:00
0,F.US.MNQ,1,50.5,0.74,0,,2025-07-24T05:00:00+00:00,2025-07-24T12:44:00.046437+00:00,0001-01-01T00:00:00+00:00
0,F.US.MGC,-1,7.0,1.24,0,,2025-07-24T05:00:00+00:00,2025-07-24T13:00:35.716916+00:00,0001-01-01T00:00:00+00:00
0,F.US.MNQ,-1,4.0,0.74,0,,2025-07-24T05:00:00+00:00,2025-07-24T13:05:25.021776+00:00,0001-01-01T00:00:00+00:00
0,F.US.MNQ,-1,72.5,0.74,0,,2025-07-24T05:00:00+00:00,2025-07-24T13:30:22.368041+00:00,0001-01-01T00:00:00+00:00
0,F.US.MNQ,-1,60.0,0.74,0,,2025-07-24T05:00:00+00:00,2025-07-24T13:30:22.368065+00:00,0001-01-01T00:00:00+00:00
0,F.US.MES,2,50.0,1.48,0,,2025-07-24T05:00:00+00:00,2025-07-24T13:31:31.207076+00:00,0001-01-01T00:00:00+00:00
0,F.US.MES,1,0.0,0.74,0,,2025-07-24T05:00:00+00:00,2025-07-24T13:35:22.583852+00:00,0001-01-01T00:00:00+00:00
0,F.US.MGC,-1,135.0,1.24,0,,2025-07-24T05:00:00+00:00,2025-07-24T13:41:54.670126+00:00,0001-01-01T00:00:00+00:00
0,F.US.MNQ,-2,-60.0,1.48,0,,2025-07-25T05:00:00+00:00,2025-07-25T13:38:38.184434+00:00,0001-01-01T00:00:00+00:00
0,F.US.MNQ,-1,22.5,0.74,0,,2025-07-25T05:00:00+00:00,2025-07-25T13:47:40.643292+00:00,0001-01-01T00:00:00+00:00
0,F.US.MNQ,-1,60.0,0.74,0,,2025-07-25T05:00:00+00:00,2025-07-25T13:54:49.78602+00:00,0001-01-01T00:00:00+00:00
0,F.US.MNQ,-1,47.5,0.74,0,,2025-07-25T05:00:00+00:00,2025-07-25T14:02:06.323131+00:00,0001-01-01T00:00:00+00:00
0,F.US.MNQ,-1,47.5,0.74,0,,2025-07-25T05:00:00+00:00,2025-07-25T14:02:06.323155+00:00,0001-01-01T00:00:00+00:00
0,F.US.MNQ,1,9.5,0.74,0,,2025-07-25T05:00:00+00:00,2025-07-25T14:02:43.582993+00:00,0001-01-01T00:00:00+00:00
0,F.US.MES,1,-16.25,0.74,0,,2025-07-25T05:00:00+00:00,2025-07-25T14:10:08.859952+00:00,0001-01-01T00:00:00+00:00
0,F.US.MNQ,1,-7.5,0.74,0,,2025-07-25T05:00:00+00:00,2025-07-25T14:11:06.35352+00:00,0001-01-01T00:00:00+00:00
0,F.US.MES,1,-1.25,0.74,0,,2025-07-25T05:00:00+00:00,2025-07-25T14:12:12.244903+00:00,0001-01-01T00:00:00+00:00
0,F.US.MNQ,1,2.5,0.74,0,,2025-07-25T05:00:00+00:00,2025-07-25T14:34:22.667256+00:00,0001-01-01T00:00:00+00:00
0,F.US.MES,-1,18.75,0.74,0,,2025-07-25T05:00:00+00:00,2025-07-25T14:35:33.636317+00:00,0001-01-01T00:00:00+00:00
0,F.US.MES,-1,26.25,0.74,0,,2025-07-25T05:00:00+00:00,2025-07-25T14:51:14.037841+00:00,0001-01-01T00:00:00+00:00
0,F.US.MNQ,1,-17.5,0.74,0,,2025-07-25T05:00:00+00:00,2025-07-25T15:12:13.251401+00:00,0001-01-01T00:00:00+00:00
0,F.US.MNQ,1,19.0,0.74,0,,2025-07-25T05:00:00+00:00,2025-07-25T15:32:24.295159+00:00,0001-01-01T00:00:00+00:00
0,F.US.MNQ,2,67.0,1.48,0,,2025-07-25T05:00:00+00:00,2025-07-25T15:36:08.997413+00:00,0001-01-01T00:00:00+00:00
0,F.US.MGC,-1,164.0,1.24,0,,2025-07-28T05:00:00+00:00,2025-07-28T06:00:44.068318+00:00,0001-01-01T00:00:00+00:00
0,F.US.MGC,-2,-6.0,2.48,0,,2025-07-28T05:00:00+00:00,2025-07-28T07:53:33.360866+00:00,0001-01-01T00:00:00+00:00
0,F.US.MGC,-1,-29.0,1.24,0,,2025-07-28T05:00:00+00:00,2025-07-28T08:41:16.80353+00:00,0001-01-01T00:00:00+00:00
0,F.US.MNQ,-1,-12.5,0.74,0,,2025-07-28T05:00:00+00:00,2025-07-28T12:14:22.132003+00:00,0001-01-01T00:00:00+00:00
0,F.US.MGC,-1,-28.0,1.24,0,,2025-07-28T05:00:00+00:00,2025-07-28T12:15:35.547813+00:00,0001-01-01T00:00:00+00:00
0,F.US.MGC,-2,-12.0,2.48,0,,2025-07-28T05:00:00+00:00,2025-07-28T12:25:17.656497+00:00,0001-01-01T00:00:00+00:00
0,F.US.MGC,-2,-38.0,2.48,0,,2025-07-28T05:00:00+00:00,2025-07-28T13:32:48.421922+00:00,0001-01-01T00:00:00+00:00
0,F.US.MGC,-2,-64.0,2.48,0,,2025-07-28T05:00:00+00:00,2025-07-28T13:32:48.421985+00:00,0001-01-01T00:00:00+00:00
0,F.US.MGC,-1,10.0,1.24,0,,2025-07-28T05:00:00+00:00,2025-07-28T13:36:27.679388+00:00,0001-01-01T00:00:00+00:00
0,F.US.MES,-1,2.5,0.74,0,,2025-07-28T05:00:00+00:00,2025-07-28T13:40:50.510289+00:00,0001-01-01T00:00:00+00:00
0,F.US.MGC,-2,-52.0,2.48,0,,2025-07-28T05:00:00+00:00,2025-07-28T13:45:18.691627+00:00,0001-01-01T00:00:00+00:00
0,F.US.MES,-1,0.0,0.74,0,,2025-07-28T05:00:00+00:00,2025-07-28T13:49:02.475786+00:00,0001-01-01T00:00:00+00:00
0,F.US.MNQ,1,14.0,0.74,0,,2025-07-28T05:00:00+00:00,2025-07-28T14:02:53.28589+00:00,0001-01-01T00:00:00+00:00
0,F.US.MYM,-2,49.0,1.48,0,,2025-07-28T05:00:00+00:00,2025-07-28T14:04:05.491437+00:00,0001-01-01T00:00:00+00:00
0,F.US.MNQ,1,31.0,0.74,0,,2025-07-28T05:00:00+00:00,2025-07-28T14:04:47.389425+00:00,0001-01-01T00:00:00+00:00
0,F.US.MNQ,2,-13.0,1.48,0,,2025-07-28T05:00:00+00:00,2025-07-28T14:08:30.978102+00:00,0001-01-01T00:00:00+00:00
0,F.US.MYM,-2,110.0,1.48,0,,2025-07-28T05:00:00+00:00,2025-07-28T14:15:02.440341+00:00,0001-01-01T00:00:00+00:00
0,F.US.MNQ,2,-14.0,1.48,0,,2025-07-28T05:00:00+00:00,2025-07-28T14:26:36.269205+00:00,0001-01-01T00:00:00+00:00
0,F.US.MNQ,-1,-7.0,0.74,0,,2025-07-28T05:00:00+00:00,2025-07-28T14:35:35.911638+00:00,0001-01-01T00:00:00+00:00
0,F.US.MGC,-1,37.0,1.24,0,,2025-07-28T05:00:00+00:00,2025-07-28T14:37:20.311202+00:00,0001-01-01T00:00:00+00:00
0,F.US.MGC,-1,10.0,1.24,0,,2025-07-28T05:00:00+00:00,2025-07-28T14:42:00.691942+00:00,0001-01-01T00:00:00+00:00
0,F.US.MYM,1,9.5,0.74,0,,2025-07-28T05:00:00+00:00,2025-07-28T14:46:28.061718+00:00,0001-01-01T00:00:00+00:00
0,F.US.MYM,1,28.5,0.74,0,,2025-07-28T05:00:00+00:00,2025-07-28T14:52:13.066981+00:00,0001-01-01T00:00:00+00:00
0,F.US.MGC,-1,-34.0,1.24,0,,2025-07-28T05:00:00+00:00,2025-07-28T14:55:16.851396+00:00,0001-01-01T00:00:00+00:00
0,F.US.MGC,-1,-1.0,1.24,0,,2025-07-28T05:00:00+00:00,2025-07-28T15:10:19.371348+00:00,0001-01-01T00:00:00+00:00
0,F.US.MYM,1,34.5,0.74,0,,2025-07-28T05:00:00+00:00,2025-07-28T15:19:22.622303+00:00,0001-01-01T00:00:00+00:00
0,F.US.MYM,1,23.5,0.74,0,,2025-07-28T05:00:00+00:00,2025-07-28T15:19:22.622329+00:00,0001-01-01T00:00:00+00:00
0,F.US.MGC,-1,16.0,1.24,0,,2025-07-28T05:00:00+00:00,2025-07-28T15:19:23.36155+00:00,0001-01-01T00:00:00+00:00
0,F.US.MES,4,185.0,2.96,0,,2025-07-29T05:00:00+00:00,2025-07-29T13:01:38.339731+00:00,0001-01-01T00:00:00+00:00
0,F.US.MGC,3,60.0,3.72,0,,2025-07-29T05:00:00+00:00,2025-07-29T13:01:38.359223+00:00,0001-01-01T00:00:00+00:00
0,F.US.MYM,5,-5.0,3.7,0,,2025-07-30T05:00:00+00:00,2025-07-30T10:40:29.724343+00:00,0001-01-01T00:00:00+00:00
0,F.US.YM,-1,-80.0,2.8,0,,2025-07-30T05:00:00+00:00,2025-07-30T12:09:48.085181+00:00,0001-01-01T00:00:00+00:00
0,F.US.YM,1,-10.0,2.8,0,,2025-07-30T05:00:00+00:00,2025-07-30T12:10:13.767249+00:00,0001-01-01T00:00:00+00:00
0,F.US.YM,-1,-20.0,2.8,0,,2025-07-30T05:00:00+00:00,2025-07-30T12:12:14.75881+00:00,0001-01-01T00:00:00+00:00
0,F.US.YM,1,-70.0,2.8,0,,2025-07-30T05:00:00+00:00,2025-07-30T12:13:31.863959+00:00,0001-01-01T00:00:00+00:00
0,F.US.YM,-1,15.0,2.8,0,,2025-07-30T05:00:00+00:00,2025-07-30T12:15:43.026223+00:00,0001-01-01T00:00:00+00:00
0,F.US.MES,4,-60.0,2.96,0,,2025-07-30T05:00:00+00:00,2025-07-30T12:30:07.376114+00:00,0001-01-01T00:00:00+00:00
0,F.US.MES,1,23.75,0.74,0,,2025-07-30T05:00:00+00:00,2025-07-30T12:30:44.703909+00:00,0001-01-01T00:00:00+00:00
0,F.US.MGC,-1,-43.0,1.24,0,,2025-07-30T05:00:00+00:00,2025-07-30T12:53:22.617713+00:00,0001-01-01T00:00:00+00:00
0,F.US.MES,1,37.5,0.74,0,,2025-07-30T05:00:00+00:00,2025-07-30T13:30:55.812224+00:00,0001-01-01T00:00:00+00:00
0,F.US.MNQ,-5,-5.0,3.7,0,,2025-07-30T05:00:00+00:00,2025-07-30T13:32:48.427595+00:00,0001-01-01T00:00:00+00:00
0,F.US.MNQ,-1,55.5,0.74,0,,2025-07-30T05:00:00+00:00,2025-07-30T13:33:58.327141+00:00,0001-01-01T00:00:00+00:00
0,F.US.MNQ,-1,83.0,0.74,0,,2025-07-30T05:00:00+00:00,2025-07-30T13:35:14.187107+00:00,0001-01-01T00:00:00+00:00
0,F.US.MNQ,1,-4.5,0.74,0,,2025-07-30T05:00:00+00:00,2025-07-30T13:35:45.207938+00:00,0001-01-01T00:00:00+00:00
0,F.US.MNQ,1,21.0,0.74,0,,2025-07-30T05:00:00+00:00,2025-07-30T13:36:43.853618+00:00,0001-01-01T00:00:00+00:00
0,F.US.MES,1,6.25,0.74,0,,2025-07-30T05:00:00+00:00,2025-07-30T13:37:35.207998+00:00,0001-01-01T00:00:00+00:00
0,F.US.MES,1,-5.0,0.74,0,,2025-07-30T05:00:00+00:00,2025-07-30T13:37:35.20802+00:00,0001-01-01T00:00:00+00:00
0,F.US.MNQ,2,-9.0,1.48,0,,2025-07-30T05:00:00+00:00,2025-07-30T13:45:02.917334+00:00,0001-01-01T00:00:00+00:00
0,F.US.MNQ,1,-45.0,0.74,0,,2025-07-30T05:00:00+00:00,2025-07-30T13:45:02.91736+00:00,0001-01-01T00:00:00+00:00
0,F.US.MNQ,2,-27.0,1.48,0,,2025-07-30T05:00:00+00:00,2025-07-30T13:46:00.972202+00:00,0001-01-01T00:00:00+00:00
0,F.US.MNQ,3,-36.0,2.22,0,,2025-07-30T05:00:00+00:00,2025-07-30T13:46:00.972226+00:00,0001-01-01T00:00:00+00:00
0,F.US.MNQ,1,12.5,0.74,0,,2025-07-30T05:00:00+00:00,2025-07-30T13:53:53.193527+00:00,0001-01-01T00:00:00+00:00
0,F.US.MNQ,2,34.0,1.48,0,,2025-07-30T05:00:00+00:00,2025-07-30T14:16:42.207095+00:00,0001-01-01T00:00:00+00:00
0,F.US.MES,2,-35.0,1.48,0,,2025-07-30T05:00:00+00:00,2025-07-30T14:19:20.590892+00:00,0001-01-01T00:00:00+00:00
0,F.US.MNQ,2,-30.0,1.48,0,,2025-07-30T05:00:00+00:00,2025-07-30T14:19:22.797749+00:00,0001-01-01T00:00:00+00:00
0,F.US.MNQ,2,-61.0,1.48,0,,2025-07-30T05:00:00+00:00,2025-07-30T14:19:22.797771+00:00,0001-01-01T00:00:00+00:00
0,F.US.MES,2,-42.5,1.48,0,,2025-07-30T05:00:00+00:00,2025-07-30T14:22:43.207932+00:00,0001-01-01T00:00:00+00:00
0,F.US.MES,3,-15.0,2.22,0,,2025-07-30T05:00:00+00:00,2025-07-30T14:22:43.207955+00:00,0001-01-01T00:00:00+00:00
0,F.US.MNQ,2,-40.0,1.48,0,,2025-07-30T05:00:00+00:00,2025-07-30T14:23:58.44837+00:00,0001-01-01T00:00:00+00:00
0,F.US.MNQ,3,-78.0,2.22,0,,2025-07-30T05:00:00+00:00,2025-07-30T14:37:22.931413+00:00,0001-01-01T00:00:00+00:00
0,F.US.MNQ,-1,27.5,0.74,0,,2025-07-30T05:00:00+00:00,2025-07-30T18:05:33.649175+00:00,0001-01-01T00:00:00+00:00
0,F.US.MNQ,-1,60.5,0.74,0,,2025-07-30T05:00:00+00:00,2025-07-30T18:27:02.401595+00:00,0001-01-01T00:00:00+00:00
0,F.US.MNQ,-2,-23.0,1.48,0,,2025-07-31T05:00:00+00:00,2025-07-31T11:53:45.041886+00:00,0001-01-01T00:00:00+00:00
0,F.US.MNQ,-3,-49.5,2.22,0,,2025-07-31T05:00:00+00:00,2025-07-31T11:54:38.229936+00:00,0001-01-01T00:00:00+00:00
0,F.US.MNQ,1,41.0,0.74,0,,2025-07-31T05:00:00+00:00,2025-07-31T12:33:04.488092+00:00,0001-01-01T00:00:00+00:00
0,F.US.MNQ,1,-6.0,0.74,0,,2025-07-31T05:00:00+00:00,2025-07-31T12:36:10.714788+00:00,0001-01-01T00:00:00+00:00
0,F.US.MNQ,3,-43.5,2.22,0,,2025-07-31T05:00:00+00:00,2025-07-31T12:37:42.260325+00:00,0001-01-01T00:00:00+00:00
0,F.US.MNQ,2,-11.0,1.48,0,,2025-07-31T05:00:00+00:00,2025-07-31T12:38:57.075606+00:00,0001-01-01T00:00:00+00:00
0,F.US.MNQ,-2,-5.0,1.48,0,,2025-07-31T05:00:00+00:00,2025-07-31T13:28:50.157818+00:00,0001-01-01T00:00:00+00:00
0,F.US.MES,-5,-81.25,3.7,0,,2025-07-31T05:00:00+00:00,2025-07-31T13:30:46.928217+00:00,0001-01-01T00:00:00+00:00
0,F.US.MYM,-2,74.0,1.48,0,,2025-07-31T05:00:00+00:00,2025-07-31T13:32:18.541456+00:00,0001-01-01T00:00:00+00:00
0,F.US.MYM,-1,21.0,0.74,0,,2025-07-31T05:00:00+00:00,2025-07-31T13:33:02.669973+00:00,0001-01-01T00:00:00+00:00
0,F.US.MES,-2,-57.5,1.48,0,,2025-07-31T05:00:00+00:00,2025-07-31T13:36:27.383668+00:00,0001-01-01T00:00:00+00:00
0,F.US.MNQ,-2,-79.0,1.48,0,,2025-07-31T05:00:00+00:00,2025-07-31T13:43:44.590997+00:00,0001-01-01T00:00:00+00:00
0,F.US.MYM,-1,11.5,0.74,0,,2025-07-31T05:00:00+00:00,2025-07-31T14:06:20.892339+00:00,0001-01-01T00:00:00+00:00
0,F.US.MYM,-2,1.0,1.48,0,,2025-07-31T05:00:00+00:00,2025-07-31T14:07:37.387055+00:00,0001-01-01T00:00:00+00:00
0,F.US.MNQ,-1,12.5,0.74,0,,2025-07-31T05:00:00+00:00,2025-07-31T14:28:43.748035+00:00,0001-01-01T00:00:00+00:00
0,F.US.MNQ,-1,-28.5,0.74,0,,2025-07-31T05:00:00+00:00,2025-07-31T14:33:41.643078+00:00,0001-01-01T00:00:00+00:00
0,F.US.MNQ,10,-10.0,7.4,0,,2025-07-31T05:00:00+00:00,2025-07-31T14:35:31.15603+00:00,0001-01-01T00:00:00+00:00
0,F.US.MGC,2,-56.0,2.48,0,,2025-08-01T05:00:00+00:00,2025-08-01T12:37:11.259101+00:00,0001-01-01T00:00:00+00:00
0,F.US.MGC,1,-31.0,1.24,0,,2025-08-01T05:00:00+00:00,2025-08-01T12:46:16.231262+00:00,0001-01-01T00:00:00+00:00
0,F.US.MGC,2,-62.0,2.48,0,,2025-08-01T05:00:00+00:00,2025-08-01T12:46:16.231298+00:00,0001-01-01T00:00:00+00:00
0,F.US.MGC,2,-62.0,2.48,0,,2025-08-01T05:00:00+00:00,2025-08-01T13:13:02.647493+00:00,0001-01-01T00:00:00+00:00
0,F.US.ENQ,1,40.0,2.8,0,,2025-08-01T05:00:00+00:00,2025-08-01T13:34:59.495893+00:00,0001-01-01T00:00:00+00:00
0,F.US.MNQ,-1,44.5,0.74,0,,2025-08-01T05:00:00+00:00,2025-08-01T13:35:08.543564+00:00,0001-01-01T00:00:00+00:00
0,F.US.MNQ,-2,-118.0,1.48,0,,2025-08-01T05:00:00+00:00,2025-08-01T13:40:33.915478+00:00,0001-01-01T00:00:00+00:00
0,F.US.MNQ,-3,-45.0,2.22,0,,2025-08-01T05:00:00+00:00,2025-08-01T13:46:11.984082+00:00,0001-01-01T00:00:00+00:00
0,F.US.MNQ,3,-57.0,2.22,0,,2025-08-04T05:00:00+00:00,2025-08-04T16:23:32.49154+00:00,0001-01-01T00:00:00+00:00
0,F.US.MNQ,2,-33.0,1.48,0,,2025-08-04T05:00:00+00:00,2025-08-04T16:52:29.61296+00:00,0001-01-01T00:00:00+00:00
0,F.US.MGC,2,-32.0,2.48,0,,2025-08-07T05:00:00+00:00,2025-08-07T00:30:57.889591+00:00,0001-01-01T00:00:00+00:00
0,F.US.ENQ,-2,1390.0,5.6,0,,2025-08-12T05:00:00+00:00,2025-08-12T12:30:15.731466+00:00,0001-01-01T00:00:00+00:00
0,F.US.MYM,10,-95.0,7.4,0,,2025-08-13T05:00:00+00:00,2025-08-13T13:37:05.105766+00:00,0001-01-01T00:00:00+00:00
0,F.US.MYM,10,-150.0,7.4,0,,2025-08-13T05:00:00+00:00,2025-08-13T13:39:14.653209+00:00,0001-01-01T00:00:00+00:00
0,F.US.MYM,3,-40.5,2.22,0,,2025-08-13T05:00:00+00:00,2025-08-13T13:46:25.629199+00:00,0001-01-01T00:00:00+00:00
0,F.US.MYM,5,-52.5,3.7,0,,2025-08-13T05:00:00+00:00,2025-08-13T13:46:25.629234+00:00,0001-01-01T00:00:00+00:00
0,F.US.MNQ,-2,-152.0,1.48,0,,2025-08-14T05:00:00+00:00,2025-08-14T12:30:03.442215+00:00,0001-01-01T00:00:00+00:00
0,F.US.MNQ,-2,-22.0,1.48,0,,2025-08-14T05:00:00+00:00,2025-08-14T12:35:23.14341+00:00,0001-01-01T00:00:00+00:00
0,F.US.MNQ,-1,44.5,0.74,0,,2025-08-14T05:00:00+00:00,2025-08-14T12:40:35.770256+00:00,0001-01-01T00:00:00+00:00
0,F.US.MNQ,-2,356.0,1.48,0,,2025-08-14T05:00:00+00:00,2025-08-14T13:35:40.751334+00:00,0001-01-01T00:00:00+00:00
0,F.US.MNQ,2,5.0,1.48,0,,2025-08-14T05:00:00+00:00,2025-08-14T13:37:01.752986+00:00,0001-01-01T00:00:00+00:00
0,F.US.MNQ,1,-22.0,0.74,0,,2025-08-14T05:00:00+00:00,2025-08-14T13:45:27.483661+00:00,0001-01-01T00:00:00+00:00
0,F.US.MNQ,1,15.0,0.74,0,,2025-08-14T05:00:00+00:00,2025-08-14T13:45:51.663048+00:00,0001-01-01T00:00:00+00:00
0,F.US.MNQ,1,-45.0,0.74,0,,2025-08-14T05:00:00+00:00,2025-08-14T13:47:17.631934+00:00,0001-01-01T00:00:00+00:00
0,F.US.MNQ,1,-9.5,0.74,0,,2025-08-14T05:00:00+00:00,2025-08-14T13:47:17.631978+00:00,0001-01-01T00:00:00+00:00
0,F.US.MNQ,1,-20.5,0.74,0,,2025-08-14T05:00:00+00:00,2025-08-14T13:50:36.03657+00:00,0001-01-01T00:00:00+00:00
0,F.US.MNQ,3,-19.5,2.22,0,,2025-08-14T05:00:00+00:00,2025-08-14T13:54:00.590841+00:00,0001-01-01T00:00:00+00:00
0,F.US.MNQ,1,60.5,0.74,0,,2025-08-14T05:00:00+00:00,2025-08-14T13:56:08.311132+00:00,0001-01-01T00:00:00+00:00
0,F.US.MNQ,2,31.0,1.48,0,,2025-08-14T05:00:00+00:00,2025-08-14T13:56:53.666092+00:00,0001-01-01T00:00:00+00:00
0,F.US.MNQ,-4,4.0,2.96,0,,2025-08-15T05:00:00+00:00,2025-08-15T13:25:44.753157+00:00,0001-01-01T00:00:00+00:00
0,F.US.MNQ,-2,-49.0,1.48,0,,2025-08-15T05:00:00+00:00,2025-08-15T13:34:43.71259+00:00,0001-01-01T00:00:00+00:00
0,F.US.MNQ,-2,-32.0,1.48,0,,2025-08-15T05:00:00+00:00,2025-08-15T13:39:52.141046+00:00,0001-01-01T00:00:00+00:00
0,F.US.MNQ,-3,-76.5,2.22,0,,2025-08-15T05:00:00+00:00,2025-08-15T13:45:24.877373+00:00,0001-01-01T00:00:00+00:00
0,F.US.EP,-1,-75.0,2.8,0,,2025-08-15T05:00:00+00:00,2025-08-15T13:53:45.1939+00:00,0001-01-01T00:00:00+00:00
0,F.US.MNQ,-3,-144.0,2.22,0,,2025-08-15T05:00:00+00:00,2025-08-15T14:00:02.472865+00:00,0001-01-01T00:00:00+00:00
0,F.US.MYM,5,-10.0,3.7,0,,2025-08-18T05:00:00+00:00,2025-08-18T08:09:00.770064+00:00,0001-01-01T00:00:00+00:00
0,F.US.MNQ,-2,-3.0,1.48,0,,2025-08-18T05:00:00+00:00,2025-08-18T09:23:11.400025+00:00,0001-01-01T00:00:00+00:00
0,F.US.MNQ,-2,-63.0,1.48,0,,2025-08-19T05:00:00+00:00,2025-08-19T15:12:21.726911+00:00,0001-01-01T00:00:00+00:00
0,F.US.MNQ,5,220.0,3.7,0,,2025-08-20T05:00:00+00:00,2025-08-20T13:11:44.013168+00:00,0001-01-01T00:00:00+00:00
0,F.US.MNQ,1,-5.0,0.74,0,,2025-08-21T05:00:00+00:00,2025-08-21T15:23:17.346164+00:00,0001-01-01T00:00:00+00:00
0,F.US.MNQ,2,-48.0,1.48,0,,2025-08-22T05:00:00+00:00,2025-08-22T07:52:37.275079+00:00,0001-01-01T00:00:00+00:00
0,F.US.MNQ,-2,-24.0,1.48,0,,2025-08-25T05:00:00+00:00,2025-08-25T00:54:00.056322+00:00,0001-01-01T00:00:00+00:00
0,F.US.MNQ,1,11.5,0.74,0,,2025-08-25T05:00:00+00:00,2025-08-25T14:00:56.539453+00:00,0001-01-01T00:00:00+00:00
0,F.US.MNQ,2,23.0,1.48,0,,2025-08-25T05:00:00+00:00,2025-08-25T14:00:56.539476+00:00,0001-01-01T00:00:00+00:00
0,F.US.MNQ,2,-76.0,1.48,0,,2025-08-25T05:00:00+00:00,2025-08-25T14:04:36.187227+00:00,0001-01-01T00:00:00+00:00
0,F.US.MNQ,2,-43.0,1.48,0,,2025-08-25T05:00:00+00:00,2025-08-25T14:14:18.246339+00:00,0001-01-01T00:00:00+00:00
0,F.US.MES,5,-25.0,3.7,0,,2025-08-25T05:00:00+00:00,2025-08-25T15:10:41.516188+00:00,0001-01-01T00:00:00+00:00
0,F.US.MNQ,-2,-61.0,1.48,0,,2025-08-26T05:00:00+00:00,2025-08-26T13:45:09.065158+00:00,0001-01-01T00:00:00+00:00
0,F.US.MNQ,-2,-54.0,1.48,0,,2025-08-26T05:00:00+00:00,2025-08-26T13:47:09.504701+00:00,0001-01-01T00:00:00+00:00
0,F.US.MES,2,50.0,1.48,0,,2025-08-26T05:00:00+00:00,2025-08-26T13:50:51.213972+00:00,0001-01-01T00:00:00+00:00
0,F.US.MNQ,-2,218.0,1.48,0,,2025-08-26T05:00:00+00:00,2025-08-26T14:10:36.579006+00:00,0001-01-01T00:00:00+00:00
0,F.US.MNQ,-1,58.5,0.74,0,,2025-08-26T05:00:00+00:00,2025-08-26T14:10:36.579054+00:00,0001-01-01T00:00:00+00:00
0,F.US.MNQ,-3,-118.5,2.22,0,,2025-08-27T05:00:00+00:00,2025-08-27T13:45:30.436911+00:00,0001-01-01T00:00:00+00:00
0,F.US.MNQ,-2,-41.0,1.48,0,,2025-08-27T05:00:00+00:00,2025-08-27T13:46:27.663758+00:00,0001-01-01T00:00:00+00:00
0,F.US.MNQ,-3,-117.0,2.22,0,,2025-08-27T05:00:00+00:00,2025-08-27T13:49:02.676755+00:00,0001-01-01T00:00:00+00:00
0,F.US.MNQ,2,-25.0,1.48,0,,2025-08-28T05:00:00+00:00,2025-08-28T16:40:20.307269+00:00,0001-01-01T00:00:00+00:00
0,F.US.SIE,1,-125.0,3.24,0,,2025-08-29T05:00:00+00:00,2025-08-29T07:31:09.284916+00:00,0001-01-01T00:00:00+00:00
0,F.US.MNQ,-1,-49.5,0.74,0,,2025-08-29T05:00:00+00:00,2025-08-29T13:45:05.257836+00:00,0001-01-01T00:00:00+00:00
0,F.US.MNQ,1,-36.0,0.74,0,,2025-09-01T05:00:00+00:00,2025-08-31T22:41:20.780188+00:00,0001-01-01T00:00:00+00:00
0,F.US.ENQ,2,3250.0,5.6,0,,2025-09-11T05:00:00+00:00,2025-09-11T12:30:09.444832+00:00,0001-01-01T00:00:00+00:00
0,F.US.ENQ,-1,200.0,2.8,0,,2025-09-11T05:00:00+00:00,2025-09-11T12:40:32.870672+00:00,0001-01-01T00:00:00+00:00
0,F.US.MNQ,-5,85.0,3.7,0,,2025-09-11T05:00:00+00:00,2025-09-11T12:46:44.754808+00:00,0001-01-01T00:00:00+00:00
0,F.US.MNQ,1,9.5,0.74,0,,2025-09-11T05:00:00+00:00,2025-09-11T13:38:00.324466+00:00,0001-01-01T00:00:00+00:00
0,F.US.MNQ,4,-262.0,2.96,0,,2025-09-11T05:00:00+00:00,2025-09-11T13:58:00.967368+00:00,0001-01-01T00:00:00+00:00
0,F.US.SIE,-1,-200.0,3.24,0,,2025-09-12T05:00:00+00:00,2025-09-12T08:10:03.749793+00:00,0001-01-01T00:00:00+00:00
0,F.US.MNQ,5,225.0,3.7,0,,2025-09-12T05:00:00+00:00,2025-09-12T08:11:09.456527+00:00,0001-01-01T00:00:00+00:00
0,F.US.NGE,-2,-200.0,6.48,0,,2025-09-12T05:00:00+00:00,2025-09-12T12:26:50.577637+00:00,0001-01-01T00:00:00+00:00
0,F.US.MNQ,-1,14.5,0.74,0,,2025-09-12T05:00:00+00:00,2025-09-12T13:39:38.824967+00:00,0001-01-01T00:00:00+00:00
0,F.US.MNQ,-4,70.0,2.96,0,,2025-09-12T05:00:00+00:00,2025-09-12T13:50:16.641011+00:00,0001-01-01T00:00:00+00:00
0,F.US.MYM,3,-24.0,2.22,0,,2025-09-15T05:00:00+00:00,2025-09-14T22:10:49.674785+00:00,0001-01-01T00:00:00+00:00
0,F.US.MYM,3,-9.0,2.22,0,,2025-09-15T05:00:00+00:00,2025-09-14T22:11:11.02207+00:00,0001-01-01T00:00:00+00:00
0,F.US.MES,5,-87.5,3.7,0,,2025-09-15T05:00:00+00:00,2025-09-14T22:46:14.971633+00:00,0001-01-01T00:00:00+00:00
0,F.US.MYM,-5,-17.5,3.7,0,,2025-09-15T05:00:00+00:00,2025-09-14T23:29:53.579783+00:00,0001-01-01T00:00:00+00:00
0,F.US.NGE,1,170.0,3.24,0,,2025-09-15T05:00:00+00:00,2025-09-15T11:50:07.87777+00:00,0001-01-01T00:00:00+00:00
0,F.US.NGE,1,-100.0,3.24,0,,2025-09-15T05:00:00+00:00,2025-09-15T12:13:04.146557+00:00,0001-01-01T00:00:00+00:00
0,F.US.GCE,-1,-140.0,3.24,0,,2025-09-15T05:00:00+00:00,2025-09-15T13:10:05.965865+00:00,0001-01-01T00:00:00+00:00
0,F.US.NGE,-2,-200.0,6.48,0,,2025-09-15T05:00:00+00:00,2025-09-15T15:12:53.534946+00:00,0001-01-01T00:00:00+00:00
0,F.US.MES,-10,-162.5,7.4,0,,2025-09-16T05:00:00+00:00,2025-09-16T13:45:11.764331+00:00,0001-01-01T00:00:00+00:00
0,F.US.MNQ,-5,-197.5,3.7,0,,2025-09-16T05:00:00+00:00,2025-09-16T13:50:59.629269+00:00,0001-01-01T00:00:00+00:00
0,F.US.YM,-2,-20.0,5.6,0,,2025-09-16T05:00:00+00:00,2025-09-16T13:52:03.248294+00:00,0001-01-01T00:00:00+00:00
0,F.US.MYM,-2,-40.0,1.48,0,,2025-09-16T05:00:00+00:00,2025-09-16T14:00:26.336537+00:00,0001-01-01T00:00:00+00:00
0,F.US.MYM,-2,-35.0,1.48,0,,2025-09-16T05:00:00+00:00,2025-09-16T14:00:26.336566+00:00,0001-01-01T00:00:00+00:00
0,F.US.MNQ,4,252.0,2.96,0,,2025-09-17T05:00:00+00:00,2025-09-17T13:34:14.114198+00:00,0001-01-01T00:00:00+00:00
0,F.US.MNQ,2,226.0,1.48,0,,2025-09-18T05:00:00+00:00,2025-09-18T13:40:58.027926+00:00,0001-01-01T00:00:00+00:00
0,F.US.MES,5,-81.25,3.7,0,,2025-09-19T05:00:00+00:00,2025-09-19T07:24:48.812198+00:00,0001-01-01T00:00:00+00:00
0,F.US.MYM,5,-90.0,3.7,0,,2025-09-19T05:00:00+00:00,2025-09-19T07:43:31.67527+00:00,0001-01-01T00:00:00+00:00
0,F.US.MNQ,1,-21.5,0.74,0,,2025-09-19T05:00:00+00:00,2025-09-19T08:16:02.651385+00:00,0001-01-01T00:00:00+00:00
0,F.US.MNQ,-2,0.0,1.48,0,,2025-09-19T05:00:00+00:00,2025-09-19T08:30:11.147812+00:00,0001-01-01T00:00:00+00:00
0,F.US.ENQ,-2,410.0,5.6,0,,2025-09-19T05:00:00+00:00,2025-09-19T09:22:37.052036+00:00,0001-01-01T00:00:00+00:00
0,F.US.MNQ,-3,-205.5,2.22,0,,2025-09-25T05:00:00+00:00,2025-09-25T13:32:25.492785+00:00,0001-01-01T00:00:00+00:00
0,F.US.MES,-5,-81.25,3.7,0,,2025-09-25T05:00:00+00:00,2025-09-25T13:35:19.13958+00:00,0001-01-01T00:00:00+00:00
0,F.US.MNQ,3,-148.5,2.22,0,,2025-09-26T05:00:00+00:00,2025-09-26T12:31:35.97312+00:00,0001-01-01T00:00:00+00:00
0,F.US.MNQ,4,-146.0,2.96,0,,2025-09-26T05:00:00+00:00,2025-09-26T12:36:53.224538+00:00,0001-01-01T00:00:00+00:00
0,F.US.MNQ,3,-117.0,2.22,0,,2025-09-29T05:00:00+00:00,2025-09-29T13:53:17.585586+00:00,0001-01-01T00:00:00+00:00
0,F.US.MNQ,1,4.0,0.74,0,,2025-09-29T05:00:00+00:00,2025-09-29T13:59:01.176235+00:00,0001-01-01T00:00:00+00:00
0,F.US.MNQ,2,-82.0,1.48,0,,2025-09-29T05:00:00+00:00,2025-09-29T14:00:32.651228+00:00,0001-01-01T00:00:00+00:00
0,F.US.MNQ,3,7.5,2.22,0,,2025-09-30T05:00:00+00:00,2025-09-30T15:03:22.034881+00:00,0001-01-01T00:00:00+00:00
0,F.US.MNQ,2,207.0,1.48,0,,2025-09-30T05:00:00+00:00,2025-09-30T15:19:36.337508+00:00,0001-01-01T00:00:00+00:00
0,F.US.MNQ,-1,-51.0,0.74,0,,2025-10-03T05:00:00+00:00,2025-10-03T12:44:44.00491+00:00,0001-01-01T00:00:00+00:00
0,F.US.MES,2,-67.5,1.48,0,,2025-10-03T05:00:00+00:00,2025-10-03T13:51:48.882152+00:00,0001-01-01T00:00:00+00:00
0,F.US.MNQ,-1,-44.5,0.74,0,,2025-10-03T05:00:00+00:00,2025-10-03T14:09:15.060968+00:00,0001-01-01T00:00:00+00:00
0,F.US.MES,2,-50.0,1.48,0,,2025-10-06T05:00:00+00:00,2025-10-05T23:29:39.697678+00:00,0001-01-01T00:00:00+00:00
0,F.US.MNQ,-2,112.0,1.48,0,,2025-10-06T05:00:00+00:00,2025-10-06T08:06:00.209151+00:00,0001-01-01T00:00:00+00:00
0,F.US.MES,-3,-71.25,2.22,0,,2025-10-06T05:00:00+00:00,2025-10-06T13:43:32.784059+00:00,0001-01-01T00:00:00+00:00
0,F.US.MES,-3,-71.25,2.22,0,,2025-10-06T05:00:00+00:00,2025-10-06T13:51:39.81791+00:00,0001-01-01T00:00:00+00:00
0,F.US.MES,-5,-112.5,3.7,0,,2025-10-06T05:00:00+00:00,2025-10-06T14:08:33.240424+00:00,0001-01-01T00:00:00+00:00
0,F.US.MNQ,2,-70.0,1.48,0,,2025-10-07T05:00:00+00:00,2025-10-07T16:33:16.656771+00:00,0001-01-01T00:00:00+00:00
0,F.US.MNQ,-3,-94.5,2.22,0,,2025-10-07T05:00:00+00:00,2025-10-07T17:05:20.372053+00:00,0001-01-01T00:00:00+00:00
0,F.US.MNQ,-3,-96.0,2.22,0,,2025-10-07T05:00:00+00:00,2025-10-07T17:05:20.372079+00:00,0001-01-01T00:00:00+00:00
0,F.US.MNQ,-3,162.0,2.22,0,,2025-10-07T05:00:00+00:00,2025-10-07T17:11:04.42021+00:00,0001-01-01T00:00:00+00:00
0,F.US.MNQ,-3,-22.5,2.22,0,,2025-10-07T05:00:00+00:00,2025-10-07T17:13:03.094504+00:00,0001-01-01T00:00:00+00:00
0,F.US.MNQ,-3,-117.0,2.22,0,,2025-10-07T05:00:00+00:00,2025-10-07T17:13:03.094536+00:00,0001-01-01T00:00:00+00:00
0,F.US.MNQ,-2,-31.0,1.48,0,,2025-10-20T05:00:00+00:00,2025-10-19T23:02:05.978065+00:00,0001-01-01T00:00:00+00:00
0,F.US.MNQ,-2,-68.0,1.48,0,,2025-10-20T05:00:00+00:00,2025-10-19T23:24:15.81317+00:00,0001-01-01T00:00:00+00:00
0,F.US.MNQ,-1,-30.0,0.74,0,,2025-10-20T05:00:00+00:00,2025-10-20T00:23:15.544782+00:00,0001-01-01T00:00:00+00:00
0,F.US.MNQ,-2,-100.0,1.48,0,,2025-10-21T05:00:00+00:00,2025-10-21T13:31:36.096539+00:00,0001-01-01T00:00:00+00:00
0,F.US.MNQ,-1,-21.0,0.74,0,,2025-10-21T05:00:00+00:00,2025-10-21T13:31:36.096587+00:00,0001-01-01T00:00:00+00:00
0,F.US.ENQ,-2,1720.0,5.6,0,,2025-10-24T05:00:00+00:00,2025-10-24T12:30:09.090869+00:00,0001-01-01T00:00:00+00:00
0,F.US.MNQ,3,-133.5,2.22,0,,2025-10-24T05:00:00+00:00,2025-10-24T13:59:54.941812+00:00,0001-01-01T00:00:00+00:00
0,F.US.MNQ,-3,210.0,2.22,0,,2025-10-27T05:00:00+00:00,2025-10-27T13:38:46.553518+00:00,0001-01-01T00:00:00+00:00
0,F.US.MES,3,206.25,2.22,0,,2025-10-28T05:00:00+00:00,2025-10-28T13:48:17.18535+00:00,0001-01-01T00:00:00+00:00
0,F.US.MNQ,2,-82.0,1.48,0,,2025-10-29T05:00:00+00:00,2025-10-29T13:51:20.941393+00:00,0001-01-01T00:00:00+00:00
0,F.US.MES,-5,-75.0,3.7,0,,2025-10-30T05:00:00+00:00,2025-10-30T13:36:50.875084+00:00,0001-01-01T00:00:00+00:00
0,F.US.MNQ,-2,-27.0,1.48,0,,2025-10-30T05:00:00+00:00,2025-10-30T13:36:50.901753+00:00,0001-01-01T00:00:00+00:00
0,F.US.MES,-5,-100.0,3.7,0,,2025-10-31T05:00:00+00:00,2025-10-31T12:41:37.399109+00:00,0001-01-01T00:00:00+00:00
0,F.US.MNQ,-1,-89.0,0.74,0,,2025-11-04T06:00:00+00:00,2025-11-04T16:11:40.240353+00:00,0001-01-01T00:00:00+00:00
0,F.US.MNQ,-1,-11.0,0.74,0,,2025-11-04T06:00:00+00:00,2025-11-04T16:13:50.752587+00:00,0001-01-01T00:00:00+00:00
0,F.US.MNQ,3,-99.0,2.22,0,,2025-11-05T06:00:00+00:00,2025-11-05T14:53:47.62404+00:00,0001-01-01T00:00:00+00:00
0,F.US.MNQ,-2,-77.0,1.48,0,,2025-11-06T06:00:00+00:00,2025-11-06T14:30:38.643918+00:00,0001-01-01T00:00:00+00:00
0,F.US.MNQ,-2,-63.0,1.48,0,,2025-11-06T06:00:00+00:00,2025-11-06T14:35:19.602076+00:00,0001-01-01T00:00:00+00:00
0,F.US.MNQ,2,220.0,1.48,0,,2025-11-07T06:00:00+00:00,2025-11-07T14:30:39.361295+00:00,0001-01-01T00:00:00+00:00
0,F.US.MNQ,1,105.5,0.74,0,,2025-11-11T06:00:00+00:00,2025-11-11T15:06:36.861791+00:00,0001-01-01T00:00:00+00:00
0,F.US.MNQ,1,122.0,0.74,0,,2025-11-11T06:00:00+00:00,2025-11-11T15:06:36.861815+00:00,0001-01-01T00:00:00+00:00
0,F.US.MNQ,-2,-80.0,1.48,0,,2025-11-12T06:00:00+00:00,2025-11-12T14:42:06.386631+00:00,0001-01-01T00:00:00+00:00
0,F.US.MNQ,-1,-42.0,0.74,0,,2025-11-13T06:00:00+00:00,2025-11-13T13:00:10.172887+00:00,0001-01-01T00:00:00+00:00
0,F.US.MES,-3,-63.75,2.22,0,,2025-11-13T06:00:00+00:00,2025-11-13T14:31:06.06259+00:00,0001-01-01T00:00:00+00:00
0,F.US.MNQ,-1,10.0,0.74,0,,2025-11-17T06:00:00+00:00,2025-11-16T23:12:01.318003+00:00,0001-01-01T00:00:00+00:00
0,F.US.MNQ,-1,194.0,0.74,0,,2025-11-17T06:00:00+00:00,2025-11-16T23:37:26.938576+00:00,0001-01-01T00:00:00+00:00
0,F.US.MNQ,-1,-35.0,0.74,0,,2025-11-18T06:00:00+00:00,2025-11-18T00:16:21.751298+00:00,0001-01-01T00:00:00+00:00
0,F.US.MNQ,-1,-79.5,0.74,0,,2025-11-18T06:00:00+00:00,2025-11-18T14:56:38.390448+00:00,0001-01-01T00:00:00+00:00
0,F.US.MNQ,1,-50.5,0.74,0,,2025-11-19T06:00:00+00:00,2025-11-19T14:44:34.298497+00:00,0001-01-01T00:00:00+00:00
0,F.US.MNQ,2,-4.0,1.48,0,,2025-11-19T06:00:00+00:00,2025-11-19T15:00:51.095544+00:00,0001-01-01T00:00:00+00:00
0,F.US.MNQ,1,-63.5,0.74,0,,2025-11-19T06:00:00+00:00,2025-11-19T15:11:34.431473+00:00,0001-01-01T00:00:00+00:00
0,F.US.MNQ,1,-25.5,0.74,0,,2025-11-20T06:00:00+00:00,2025-11-19T23:02:18.512044+00:00,0001-01-01T00:00:00+00:00
0,F.US.MNQ,2,258.0,1.48,0,,2025-11-20T06:00:00+00:00,2025-11-20T15:06:24.864311+00:00,0001-01-01T00:00:00+00:00
0,F.US.MNQ,-1,-78.5,0.74,0,,2025-11-24T06:00:00+00:00,2025-11-24T00:02:03.287746+00:00,0001-01-01T00:00:00+00:00
0,F.US.MNQ,-1,-35.5,0.74,0,,2025-11-24T06:00:00+00:00,2025-11-24T09:27:23.160062+00:00,0001-01-01T00:00:00+00:00
0,F.US.MNQ,-1,30.5,0.74,0,,2025-11-25T06:00:00+00:00,2025-11-25T13:37:37.035186+00:00,0001-01-01T00:00:00+00:00
0,F.US.MNQ,-1,-28.5,0.74,0,,2025-11-25T06:00:00+00:00,2025-11-25T14:02:28.312024+00:00,0001-01-01T00:00:00+00:00
0,F.US.MYM,3,118.5,2.22,0,,2025-11-26T06:00:00+00:00,2025-11-26T09:06:57.372148+00:00,0001-01-01T00:00:00+00:00
0,F.US.MYM,3,91.5,2.22,0,,2025-11-26T06:00:00+00:00,2025-11-26T09:06:57.372174+00:00,0001-01-01T00:00:00+00:00
0,F.US.MNQ,1,23.0,0.74,0,,2025-11-26T06:00:00+00:00,2025-11-26T14:51:21.984262+00:00,0001-01-01T00:00:00+00:00
0,F.US.MNQ,1,37.5,0.74,0,,2025-11-26T06:00:00+00:00,2025-11-26T14:51:26.972791+00:00,0001-01-01T00:00:00+00:00
0,F.US.MNQ,1,246.0,0.74,0,,2025-11-26T06:00:00+00:00,2025-11-26T15:01:43.82533+00:00,0001-01-01T00:00:00+00:00
0,F.US.MNQ,2,-39.0,1.48,0,,2025-11-28T06:00:00+00:00,2025-11-28T01:08:52.673158+00:00,0001-01-01T00:00:00+00:00
0,F.US.MNQ,-1,-59.0,0.74,0,,2025-12-01T06:00:00+00:00,2025-12-01T00:46:21.459622+00:00,0001-01-01T00:00:00+00:00
0,F.US.MNQ,2,-32.0,1.48,0,,2025-12-01T06:00:00+00:00,2025-12-01T08:01:19.626232+00:00,0001-01-01T00:00:00+00:00
0,F.US.MYM,5,-40.0,3.7,0,,2025-12-02T06:00:00+00:00,2025-12-02T09:01:09.754526+00:00,0001-01-01T00:00:00+00:00
0,F.US.MYM,3,-12.0,2.22,0,,2025-12-02T06:00:00+00:00,2025-12-02T09:01:09.754549+00:00,0001-01-01T00:00:00+00:00
0,F.US.MNQ,4,-50.0,2.96,0,,2025-12-02T06:00:00+00:00,2025-12-02T14:51:55.155445+00:00,0001-01-01T00:00:00+00:00
0,F.US.MNQ,1,74.0,0.74,0,,2025-12-03T06:00:00+00:00,2025-12-03T14:34:48.098535+00:00,0001-01-01T00:00:00+00:00
0,F.US.MNQ,1,44.0,0.74,0,,2025-12-03T06:00:00+00:00,2025-12-03T15:00:05.999746+00:00,0001-01-01T00:00:00+00:00
0,F.US.MYM,2,9.0,1.48,0,,2025-12-03T06:00:00+00:00,2025-12-03T15:06:14.653185+00:00,0001-01-01T00:00:00+00:00
0,F.US.MES,2,80.0,1.48,0,,2025-12-03T06:00:00+00:00,2025-12-03T15:07:57.738756+00:00,0001-01-01T00:00:00+00:00
0,F.US.MES,2,37.5,1.48,0,,2025-12-03T06:00:00+00:00,2025-12-03T15:17:37.806334+00:00,0001-01-01T00:00:00+00:00
0,F.US.MYM,2,15.0,1.48,0,,2025-12-03T06:00:00+00:00,2025-12-03T15:19:51.048436+00:00,0001-01-01T00:00:00+00:00
0,F.US.MNQ,3,93.0,2.22,0,,2025-12-03T06:00:00+00:00,2025-12-03T15:38:41.023831+00:00,0001-01-01T00:00:00+00:00
0,F.US.MNQ,-1,-105.0,0.74,0,,2025-12-04T06:00:00+00:00,2025-12-04T15:25:39.849109+00:00,0001-01-01T00:00:00+00:00
0,F.US.MNQ,-1,191.0,0.74,0,,2025-12-05T06:00:00+00:00,2025-12-05T14:30:08.303244+00:00,0001-01-01T00:00:00+00:00
